Job Title,Salary Estimate,Avg Salary(K),City,State,Python,spark,aws,excel,sql,sas,sas,keras,pytorch,scikit,tensor,hadoop,tableau,bi,flink,mongo,google_an,Degree
Data Scientist,$53K-$91K ,72.0,Albuquerque, NM,1,0,0,1,0,1,1,0,0,0,0,0,1,1,0,0,0,M
Healthcare Data Scientist,$63K-$112K ,87.5,Linthicum, MD,1,0,0,0,0,0,0,0,0,0,0,0,0,0,0,0,0,M
Data Scientist,$80K-$90K ,85.0,Clearwater, FL,1,1,0,1,1,1,1,0,0,0,0,0,0,0,0,0,0,M
Data Scientist,$56K-$97K ,76.5,Richland, WA,1,0,0,0,0,0,0,0,0,0,0,0,0,0,0,0,0,na
Data Scientist,$86K-$143K ,114.5,New York, NY,1,0,0,1,1,1,1,0,0,0,0,0,0,0,0,0,0,na
Data Scientist,$71K-$119K ,95.0,Dallas, TX,1,0,1,1,1,0,0,0,0,0,0,0,0,1,0,1,0,na
Data Scientist,$54K-$93K ,73.5,Baltimore, MD,0,0,0,1,0,0,0,0,0,0,0,0,0,0,0,0,0,na
Data Scientist,$86K-$142K ,114.0,San Jose, CA,1,1,1,1,1,0,0,0,1,0,1,0,0,0,0,0,0,M
Research Scientist,$38K-$84K ,61.0,Rochester, NY,0,0,0,0,0,0,0,0,0,0,0,0,0,0,0,0,0,P
Data Scientist,$120K-$160K ,140.0,New York, NY,1,1,0,0,0,0,0,0,0,0,0,0,0,0,0,0,0,na
Data Scientist,$126K-$201K ,163.5,San Jose, CA,1,0,0,0,0,0,0,0,0,0,0,0,0,0,0,0,0,na
Data Scientist,$64K-$106K ,85.0,Chantilly, VA,0,0,0,0,1,0,0,0,0,0,0,1,0,0,0,0,0,na
Staff Data Scientist - Technology,$106K-$172K ,139.0,Plano, TX,0,0,0,0,1,0,0,0,0,0,0,1,0,0,0,0,0,M
Data Analyst,$46K-$85K ,65.5,Seattle, WA,1,1,1,1,1,0,0,0,0,0,0,0,1,1,0,0,0,na
Data Scientist,$83K-$144K ,113.5,Cambridge, MA,1,1,0,0,1,0,0,0,0,0,1,0,0,0,0,0,0,M
Data Engineer I,$102K-$190K ,146.0,Newark, NJ,0,0,0,1,0,0,0,0,0,0,0,0,0,0,0,0,0,na
"Scientist I/II, Biology",$67K-$137K ,102.0,Cambridge, MA,0,0,0,1,0,0,0,0,0,0,0,0,0,0,0,0,0,P
Customer Data Scientist,$118K-$189K ,153.5,Mountain View, CA,1,1,1,1,0,0,0,0,0,0,0,1,0,0,0,0,0,M
Data Scientist - Health Data Analytics,$110K-$175K ,142.5,San Francisco, CA,0,0,0,0,1,0,0,0,0,0,0,0,0,0,0,0,0,na
Data Scientist,$64K-$111K ,87.5,Denver, CO,1,0,0,1,1,0,0,1,1,1,1,0,0,0,0,0,0,M
Data Scientist,$81K-$130K ,105.5,Seattle, WA,1,1,0,0,1,0,0,0,0,0,0,0,0,0,0,0,0,M
Senior Data Scientist / Machine Learning,$73K-$119K ,96.0,Dallas, TX,0,0,0,1,0,0,0,0,0,0,0,0,0,0,0,0,0,P
Data Scientist - Quantitative,$86K-$139K ,112.5,Chicago, IL,1,0,1,1,1,0,0,0,0,0,0,0,0,0,0,1,0,M
Data Scientist,$63K-$105K ,84.0,Louisville, KY,1,0,0,1,1,0,0,0,0,0,0,0,1,0,0,0,0,M
Data Scientist,$109K-$177K ,143.0,Herndon, VA,1,0,1,0,0,0,0,1,0,0,1,0,0,0,0,0,0,na
Digital Health Data Scientist,$63K-$110K ,86.5,Cambridge, MA,1,0,1,1,0,0,0,0,0,0,0,0,0,0,0,0,0,na
Data Scientist,$75K-$124K ,99.5,Hillsboro, OR,1,1,1,1,1,0,0,1,0,1,1,0,1,0,0,0,0,na
Associate Data Analyst,$34K-$61K ,47.5,Worcester, MA,0,0,0,1,0,0,0,0,0,0,0,0,0,0,0,0,0,na
Clinical Data Scientist,$63K-$105K ,84.0,Groton, CT,0,0,1,1,0,0,0,0,0,0,0,0,0,0,0,0,0,M
Data Scientist,$80K-$90K ,85.0,Clearwater, FL,1,1,0,1,1,1,1,0,0,0,0,0,0,0,0,0,0,M
Data Scientist,$56K-$97K ,76.5,Richland, WA,1,0,0,0,0,0,0,0,0,0,0,0,0,0,0,0,0,na
Data Scientist,$72K-$120K ,96.0,Detroit, MI,1,0,0,0,1,1,1,0,0,0,0,0,0,0,0,0,0,M
Data Scientist / Machine Learning Expert,$86K-$143K ,114.5,Cambridge, MA,1,0,0,0,0,0,0,0,1,1,0,0,0,0,0,0,0,na
Data Scientist,$93K-$149K ,121.0,Sunnyvale, CA,1,1,0,1,1,0,0,1,0,1,1,0,0,0,0,1,0,M
Data Scientist,$85K-$140K ,112.5,Ipswich, MA,1,0,0,1,0,0,0,0,0,0,0,0,0,0,0,0,0,na
Web Data Analyst,$77K-$135K ,106.0,San Jose, CA,1,0,0,1,1,0,0,0,0,0,0,0,1,1,0,0,0,na
Data Scientist,$82K-$132K ,107.0,Redlands, CA,1,1,1,0,0,0,0,0,0,0,0,1,1,0,0,1,0,M
Data Scientist,$83K-$137K ,110.0,Woburn, MA,1,1,0,1,1,0,0,0,1,1,1,1,0,0,0,0,0,P
Senior Data Scientist,$115K-$180K ,147.5,Fremont, CA,1,0,0,1,0,0,0,0,0,0,0,0,0,0,0,0,0,M
Data Engineer,$74K-$138K ,106.0,Long Beach, NY,1,0,0,1,1,0,0,0,0,0,0,0,0,0,0,0,0,M
Data Analyst,$64K-$112K ,88.0,San Francisco, CA,1,0,1,1,1,0,0,0,0,0,0,0,1,0,0,1,0,na
Data Engineer,$68K-$129K ,98.5,Marlborough, MA,0,0,0,1,1,0,0,0,0,0,0,0,0,0,0,0,0,na
Data Scientist - Algorithms & Inference,$110K-$175K ,142.5,San Francisco, CA,0,0,0,0,0,0,0,0,0,0,0,0,0,0,0,0,0,M
Scientist,$52K-$113K ,82.5,Allendale, NJ,0,0,1,0,0,0,0,0,0,0,0,0,0,0,0,0,0,M
Senior Data Scientist,$110K-$150KEmployer est.,130.0,Chicago, IL,1,1,0,1,1,0,0,0,0,1,0,1,1,1,0,0,0,M
Data Scientist,Employer Provided Salary:$150K-$160K,155.0,Washington, DC,0,0,1,1,0,0,0,0,0,0,0,0,0,0,0,0,0,na
Lead Data Scientist,$158K-$211K ,184.5,Bellevue, WA,1,0,0,1,1,1,1,0,0,0,0,0,1,0,0,0,0,na
Associate Data Analyst,$20K-$39K ,29.5,Longmont, CO,0,0,0,1,0,0,0,0,0,0,0,0,0,0,0,0,0,M
Spectral Scientist/Engineer,$56K-$117K ,86.5,Beavercreek, OH,0,0,0,0,0,0,0,0,0,0,0,0,0,0,0,0,0,M
College Hire - Data Scientist - Open to December 2019 Graduates,$63K-$99K ,81.0,Peoria, IL,0,0,0,0,0,0,0,0,0,0,0,0,1,0,0,0,0,na
Data Scientist,$68K-$114K ,91.0,Fort Lauderdale, FL,1,0,0,1,1,0,0,0,0,0,0,1,1,0,0,0,0,na
"Data Scientist, Office of Data Science",$86K-$143K ,114.5,Boston, MA,1,0,0,0,0,0,0,0,0,0,0,0,0,0,0,0,0,na
Data Science Analyst,$41K-$95K ,68.0,Huntsville, AL,1,0,0,1,0,0,0,0,0,0,0,0,1,0,0,0,0,na
Data Scientist,$86K-$144K ,115.0,Armonk, NY,1,0,0,1,1,0,0,0,0,0,0,0,0,0,0,0,0,M
Data Scientist,$80K-$139K ,109.5,San Diego, CA,0,0,0,1,1,0,0,0,0,0,0,0,1,0,0,0,0,na
Data Scientist,$56K-$95K ,75.5,Albuquerque, NM,1,0,0,1,0,0,0,0,0,0,0,0,0,0,0,0,0,M
Data Scientist,$120K-$189K ,154.5,San Francisco, CA,1,1,0,1,0,0,0,0,0,0,1,0,0,0,1,0,0,P
Data Scientist,$111K-$176K ,143.5,Saint Louis, MO,1,1,0,0,1,0,0,1,0,1,1,0,0,0,0,0,0,na
Data Scientist,$54K-$93K ,73.5,Baltimore, MD,0,0,0,1,0,0,0,0,0,0,0,0,0,0,0,0,0,na
Data Scientist,$71K-$119K ,95.0,Dallas, TX,1,0,1,1,1,0,0,0,0,0,0,0,0,1,0,1,0,na
Senior Data Scientist,$82K-$132K ,107.0,Cincinnati, OH,1,0,1,0,1,0,0,0,0,0,0,0,1,1,0,0,0,M
Data Scientist,$84K-$146K ,115.0,New York, NY,1,1,1,0,1,0,0,0,0,0,0,1,1,0,0,0,0,na
Senior Risk Data Scientist,$107K-$172K ,139.5,Palo Alto, CA,0,0,0,0,1,1,1,0,0,0,0,0,0,0,0,0,0,M
Data Scientist in Artificial Intelligence Early Career,$49K-$85K ,67.0,Richland, WA,0,0,0,0,0,0,0,0,1,0,1,0,0,0,0,0,0,M
Data Scientist,$61K-$109K ,85.0,Coraopolis, PA,1,0,0,0,1,0,0,0,1,0,1,0,0,0,0,0,0,M
Data Scientist,$88K-$148K ,118.0,Framingham, MA,1,0,0,1,1,0,0,0,0,0,0,0,0,0,0,0,0,P
Data Scientist,$60K-$99K ,79.5,Atlanta, GA,1,0,0,1,1,0,0,1,1,1,0,0,0,0,0,0,0,na
Data Scientist - Research,$41K-$72K ,56.5,Boston, MA,1,0,0,0,1,0,0,0,0,0,0,0,1,0,0,0,0,na
Data Scientist,$96K-$161K ,128.5,Philadelphia, PA,1,1,1,0,1,0,0,0,0,0,0,1,0,0,0,0,0,na
R&D Data Analysis Scientist,$65K-$130K ,97.5,Vancouver, WA,0,0,0,0,0,0,0,0,0,0,0,0,0,0,0,0,0,M
Analytics Consultant,$52K-$81K ,66.5,Indianapolis, IN,1,0,0,0,0,0,0,0,0,0,0,0,1,0,0,0,0,na
"Director, Data Science",$139K-$220K ,179.5,Lake Forest, IL,1,0,0,1,1,1,1,0,0,0,0,0,0,0,0,0,0,M
Scientist,$50K-$102K ,76.0,Maryland Heights, MO,0,0,0,1,0,0,0,0,0,0,0,0,0,0,0,0,0,P
Data Scientist SR,$85K-$139K ,112.0,Charlottesville, VA,1,1,0,0,1,0,0,0,0,0,0,1,0,0,0,0,0,M
Data Scientist,$74K-$122K ,98.0,Pittsburgh, PA,1,0,0,0,0,0,0,0,0,0,1,0,0,0,0,0,0,M
R&D Sr Data Scientist,$99K-$157K ,128.0,Vancouver, WA,0,1,1,0,1,0,0,0,0,1,1,0,0,0,0,0,0,M
Customer Data Scientist/Sales Engineer (Bay,$79K-$222K ,150.5,Mountain View, CA,1,1,1,1,0,0,0,1,0,1,1,1,0,0,0,0,0,P
Research Scientist,$57K-$118K ,87.5,Cambridge, MA,0,0,1,0,0,0,0,0,0,0,0,0,0,0,0,0,0,M
Data Scientist,$83K-$137K ,110.0,Chantilly, VA,1,0,0,1,0,0,0,0,0,1,0,1,0,0,0,0,0,na
Data Scientist,$86K-$141K ,113.5,San Jose, CA,1,0,0,1,0,0,0,0,0,0,0,0,0,0,0,0,0,na
Data Scientist,$94K-$154K ,124.0,San Francisco, CA,1,0,0,0,1,0,0,0,0,0,0,0,0,0,0,0,0,na
Jr. Business Data Analyst,$37K-$76K ,56.5,Harrisburg, PA,0,0,0,1,0,0,0,0,0,0,0,0,0,0,0,0,1,na
Data Scientist,$100K-$160K ,130.0,Laurel, MD,1,0,0,1,0,0,0,0,0,0,0,0,0,0,0,0,0,na
Data Analyst,$55K-$100K ,77.5,Chicago, IL,0,0,0,1,1,0,0,0,0,0,0,0,0,0,0,0,0,na
Data Engineer,$60K-$114K ,87.0,Arlington, VA,1,0,1,1,1,0,0,0,0,0,0,0,0,0,0,0,0,na
Data Analyst,$39K-$68K ,53.5,Tacoma, WA,0,0,0,1,0,0,0,0,0,0,0,0,0,0,0,0,0,na
Staff Data Scientist - Technology,$106K-$172K ,139.0,Plano, TX,0,0,0,0,1,0,0,0,0,0,0,1,0,0,0,0,0,M
Data Scientist,$86K-$142K ,114.0,San Jose, CA,1,1,1,1,1,0,0,0,1,0,1,0,0,0,0,0,0,M
Data Scientist,$64K-$107K ,85.5,Miami, FL,1,1,0,1,1,0,0,0,0,0,0,1,0,0,0,0,0,na
Data Management Specialist,$31K-$65K ,48.0,Huntsville, AL,0,0,0,1,1,0,0,0,0,0,0,1,0,0,0,0,0,na
E-Commerce Data Analyst,$34K-$62K ,48.0,New Orleans, LA,0,0,0,1,1,0,0,0,0,0,0,0,0,0,0,0,0,na
Sr. Scientist II,$117K-$231K ,174.0,San Francisco, CA,0,0,0,1,0,0,0,0,0,0,0,0,0,0,0,0,0,M
Insurance Data Scientist,$64K-$106K ,85.0,Atlanta, GA,1,1,0,0,1,1,1,0,0,0,0,0,0,0,0,0,0,na
Data Modeler,$79K-$134K ,106.5,Landover, MD,0,0,0,0,0,0,0,0,0,0,0,0,0,0,0,0,0,na
Data Analyst / Scientist,$52K-$93K ,72.5,Patuxent River, MD,0,0,0,1,0,0,0,0,0,0,0,0,0,0,0,0,0,na
Scientist,$55K-$116K ,85.5,Suitland, MD,0,0,0,0,0,0,0,0,0,0,0,0,0,0,0,0,0,M
Data Scientist,$72K-$123K ,97.5,McLean, VA,1,0,0,1,1,1,1,0,0,0,0,0,1,1,0,1,0,na
Data Scientist,$74K-$124K ,99.0,Fort Belvoir, VA,1,0,0,1,0,0,0,0,0,0,0,0,1,0,0,0,0,na
Data Analyst,$40K-$73K ,56.5,Milwaukee, WI,0,0,0,1,1,0,0,0,0,0,0,0,0,0,0,0,0,na
Lead Data Scientist,$102K-$164K ,133.0,Silver Spring, MD,1,0,0,0,0,0,0,0,0,0,0,0,0,0,0,0,0,na
Data Scientist,$89K-$153K ,121.0,New York, NY,1,1,0,0,0,0,0,1,1,1,1,0,0,0,0,0,0,na
Data Scientist,$61K-$110K ,85.5,Syracuse, NY,1,0,0,0,1,0,0,0,0,0,0,0,0,0,0,0,0,M
"Data Scientist, Rice University",$65K-$110K ,87.5,Houston, TX,1,0,0,0,1,0,0,0,0,0,1,0,0,0,0,0,0,na
Senior Data Scientist,$200K-$275KEmployer est.,237.5,Washington, DC,1,0,0,1,0,0,0,0,0,0,0,0,0,0,0,0,0,M
Data Engineer,$68K-$123K ,95.5,Charlotte, NC,1,1,0,0,1,0,0,0,0,0,0,0,1,0,0,0,0,M
Senior Data Scientist,$80K-$129K ,104.5,Southfield, MI,1,1,1,1,1,0,0,0,0,0,0,0,0,1,0,0,0,M
Financial Data Analyst,$41K-$72K ,56.5,Matawan, NJ,0,0,0,1,1,0,0,0,0,0,0,0,1,0,0,0,0,na
Senior Data Analyst,$39K-$71K ,55.0,Phoenix, AZ,0,0,0,1,1,0,0,0,0,0,0,0,0,1,0,0,0,na
Research Scientist,$38K-$85K ,61.5,Omaha, NE,0,0,0,1,0,0,0,0,0,0,0,0,0,0,0,0,0,P
Data Scientist,$121K-$193K ,157.0,San Francisco, CA,0,1,1,0,0,0,0,0,0,0,0,0,0,0,0,0,0,na
Data Engineer,$54K-$102K ,78.0,Lyndhurst, NJ,1,0,0,0,1,0,0,0,0,0,0,0,0,0,0,0,0,na
Data Scientist,$83K-$144K ,113.5,Cambridge, MA,1,1,0,0,1,0,0,0,0,0,1,0,0,0,0,0,0,M
Data Scientist,$120K-$160K ,140.0,New York, NY,1,1,0,0,0,0,0,0,0,0,0,0,0,0,0,0,0,na
Data Scientist,$102K-$163K ,132.5,San Francisco, CA,0,1,0,1,0,0,0,0,0,0,1,0,0,0,0,0,0,M
Data Engineer,$76K-$140K ,108.0,San Francisco, CA,1,1,0,0,1,0,0,0,0,0,0,1,0,0,0,0,0,M
Ag Data Scientist,$60K-$101K ,80.5,Atlanta, IN,0,0,0,0,0,0,0,0,0,0,0,0,0,0,0,0,0,na
Data Scientist,$82K-$133K ,107.5,Rockville, MD,1,0,0,0,0,0,0,0,0,0,0,0,0,0,0,0,0,M
Data Engineer,$65K-$125K ,95.0,Minneapolis, MN,0,1,1,0,1,0,0,0,0,0,0,1,0,0,1,0,0,na
Data Scientist II,$91K-$148K ,119.5,Los Angeles, CA,1,1,0,0,1,1,1,0,0,0,0,0,1,0,0,0,0,M
Senior Data Engineer,$95K-$173K ,134.0,Charlotte, NC,0,1,1,0,1,0,0,0,0,0,0,0,0,0,0,0,0,na
Data Scientist,$77K-$124K ,100.5,Cambridge, MA,1,0,0,1,1,0,0,0,0,1,0,0,1,1,0,0,0,na
Data Scientist,$80K-$135K ,107.5,Cincinnati, OH,1,0,0,0,1,0,0,0,0,0,0,0,1,0,0,0,0,M
Data Engineer,$85K-$159K ,122.0,Washington, DC,1,1,1,0,1,0,0,0,0,0,0,0,0,0,0,0,0,na
Data Engineer,$80K-$105KEmployer est.,92.5,Chicago, IL,1,1,0,1,1,0,0,0,0,0,0,1,0,0,0,1,0,na
Data Analyst,$43K-$81K ,62.0,Baltimore, MD,0,0,0,1,1,0,0,0,0,0,0,0,0,0,0,0,0,na
Project Scientist,$29K-$50K ,39.5,Alabaster, AL,0,0,0,0,0,0,0,0,0,0,0,0,0,0,0,0,0,na
Data Scientist,$82K-$133K ,107.5,Santa Fe Springs, CA,0,0,0,1,0,0,0,0,0,0,0,0,1,0,0,0,1,M
Data Analytics Manager,$26K-$55K ,40.5,Kansas City, MO,1,0,1,1,1,0,0,0,0,0,0,0,1,0,0,0,0,na
Senior Machine Learning (ML) Engineer / Data Scientist - Cyber Security Analytics,$61K-$118K ,89.5,Ashburn, VA,1,1,0,0,1,0,0,0,0,0,0,1,1,0,0,0,0,M
Data Scientist,$60K-$102K ,81.0,Chicago, IL,1,0,1,1,1,0,0,0,0,0,0,1,1,0,0,0,0,na
Senior Data Scientist,$112K-$182K ,147.0,Herndon, VA,1,0,1,0,0,0,0,1,0,0,1,0,0,0,0,0,0,na
Data Scientist,$64K-$106K ,85.0,Fort Worth, TX,1,0,0,1,1,1,1,0,0,0,0,0,1,1,0,0,0,na
Associate Scientist,$51K-$112K ,81.5,Valencia, CA,0,0,0,1,0,0,0,0,0,0,0,0,0,0,0,0,0,M
"Scientist 2, QC Viral Vector",$113K-$223K ,168.0,Novato, CA,0,0,0,1,0,0,0,0,0,0,0,0,0,0,0,0,0,P
Machine Learning Engineer,$72K-$129K ,100.5,Aurora, CO,1,1,1,1,1,0,0,0,0,0,1,1,0,0,0,0,0,na
Data Scientist/ML Engineer,$71K-$123K ,97.0,New York, NY,1,1,0,1,1,0,0,0,0,0,0,1,1,0,0,1,0,M
Data Scientist,$64K-$106K ,85.0,Chantilly, VA,0,0,0,0,1,0,0,0,0,0,0,1,0,0,0,0,0,na
Customer Data Scientist,$118K-$189K ,153.5,Mountain View, CA,1,1,1,1,0,0,0,0,0,0,0,1,0,0,0,0,0,M
Data Engineer,Employer Provided Salary:$120K-$145K,132.5,Tampa, FL,0,0,0,0,0,0,0,0,0,0,0,0,0,0,0,0,0,na
Data Engineer,$80K-$120K ,100.0,Chicago, IL,0,1,0,1,1,0,0,0,0,0,0,0,0,0,0,0,0,na
Sr. Data Scientist,$80K-$130K ,105.0,Denver, CO,1,0,0,0,1,0,0,0,0,0,0,0,0,0,0,0,0,M
Data Engineer 4 - Contract,$59K-$115K ,87.0,Riverton, UT,0,0,1,1,0,0,0,0,0,0,0,0,0,0,0,0,0,M
Data Analyst - Asset Management,$71K-$136K ,103.5,San Francisco, CA,0,0,0,1,1,0,0,0,0,0,0,0,0,0,0,0,0,na
Senior Research Scientist - Embedded System Development for DevOps,$81K-$167K ,124.0,Pittsburgh, PA,1,0,0,1,0,0,0,0,0,0,0,0,0,0,0,0,0,M
Data Scientist - Bioinformatics,$49K-$85K ,67.0,Richland, WA,1,0,0,0,0,0,0,0,0,0,0,0,0,0,0,0,0,P
Data Engineer,$60K-$114K ,87.0,Washington, DC,0,0,0,0,0,0,0,0,0,0,0,0,0,0,0,0,0,M
Customer Data Scientist/Sales Engineer,$71K-$204K ,137.5,Chicago, IL,1,1,1,1,0,0,0,1,0,1,1,1,0,0,0,0,0,P
Lead Data Scientist,$75K-$125K ,100.0,Cincinnati, OH,1,0,0,1,1,0,0,0,0,1,0,0,0,1,0,0,0,M
MongoDB Data Engineer II,$77K-$136K ,106.5,Chattanooga, TN,0,0,0,1,1,1,1,0,0,0,0,0,1,0,0,1,0,na
Senior Data Scientist Statistics,$74K-$123K ,98.5,Richland, WA,0,0,0,0,0,0,0,0,0,0,0,0,0,0,0,0,0,P
Senior Data Analyst,$44K-$78K ,61.0,Clearwater, FL,1,0,0,1,1,0,0,0,0,0,0,0,0,0,0,0,0,M
Senior Spark Engineer (Data Science),$65K-$148K ,106.5,Indianapolis, IN,1,1,1,0,1,0,0,0,0,0,0,0,0,0,0,1,0,na
Data Engineer,$59K-$110K ,84.5,Cambridge, MA,1,1,0,0,1,0,0,0,0,0,0,0,0,0,0,0,0,na
BI & Platform Analytics Manager,$85K-$134K ,109.5,Ewing, NJ,1,0,0,1,0,0,0,0,0,0,0,0,1,1,0,0,0,M
Lead Data Scientist,$124K-$204K ,164.0,Boston, MA,1,1,1,0,1,0,0,0,0,1,0,1,0,0,0,0,0,P
"Sr. Data Scientist - Analytics, Personalized Healthcare (PHC)",$131K-$207K ,169.0,South San Francisco, CA,1,1,0,1,1,0,0,0,0,0,0,1,0,0,0,0,0,P
Senior Data Scientist,$110K-$174K ,142.0,Cupertino, CA,1,1,1,1,0,0,0,0,0,1,1,0,0,0,1,0,0,P
Pricipal Scientist Molecular and cellular biologist,$52K-$101K ,76.5,Boston, MA,0,0,0,1,0,0,0,0,0,0,0,0,0,0,0,0,0,P
"Data Scientist (Actuary, FSA or ASA)",$81K-$133K ,107.0,Frederick, MD,1,0,0,1,1,0,0,0,0,0,0,0,1,0,0,0,0,M
Staff Data Scientist,$132K-$211K ,171.5,San Jose, CA,1,0,1,0,1,0,0,0,0,0,0,1,0,0,0,0,0,M
Senior Data Scientist / Machine Learning,$73K-$119K ,96.0,Dallas, TX,0,0,0,1,0,0,0,0,0,0,0,0,0,0,0,0,0,P
Data Scientist - Health Data Analytics,$110K-$175K ,142.5,San Francisco, CA,0,0,0,0,1,0,0,0,0,0,0,0,0,0,0,0,0,na
Data Engineer 5 - Contract (Remote),$74K-$140K ,107.0,Riverton, UT,0,0,0,1,0,0,0,0,0,0,0,0,0,0,0,0,0,M
Senior Scientist - Neuroscience,$100K-$190K ,145.0,Marlborough, MA,1,0,0,1,0,0,0,0,0,0,0,0,0,0,0,0,0,P
Senior Data Analyst,$43K-$80K ,61.5,Herndon, VA,1,0,0,1,1,0,0,0,0,0,0,0,1,1,0,0,0,M
Medical Lab Scientist,$17-$24 Per Hour,42.0,West Reading, PA,0,0,0,0,0,0,0,0,0,0,0,0,0,0,0,0,0,na
"Risk and Analytics IT, Data Scientist",$91K-$149K ,120.0,Madison, WI,1,0,0,0,1,0,0,0,0,0,0,0,1,1,0,0,0,na
"Scientist, Analytical Development",$42K-$82K ,62.0,Cambridge, MA,0,0,0,0,0,0,0,0,0,0,0,0,0,0,0,0,0,P
Senior Data Scientist,$116K-$185K ,150.5,San Francisco, CA,1,1,0,0,1,1,1,0,0,1,1,1,0,0,0,0,0,P
Analytics Manager,$59K-$116K ,87.5,Dearborn, MI,0,0,0,1,1,0,0,0,0,0,0,0,1,0,0,0,0,na
Data Engineer,$48K-$95K ,71.5,Winter Park, FL,1,1,1,1,1,0,0,0,0,0,0,1,0,0,0,0,0,na
Digital Marketing & ECommerce Data Analyst,$31K-$72K ,51.5,San Rafael, CA,0,0,0,1,0,0,0,0,0,0,0,0,0,0,0,0,1,na
Sr. Scientist - Digital & Image Analysis/Computational Pathology,$105K-$198K ,151.5,San Diego, CA,0,0,0,1,0,0,0,0,0,0,0,0,0,0,0,0,0,M
Senior Data Analyst,$55K-$100K ,77.5,Hamilton, NJ,1,0,0,1,1,0,0,0,0,0,0,0,1,0,0,0,0,na
Principal Scientist - Immunologist,$98K-$182K ,140.0,Boston, MA,0,0,0,1,0,0,0,0,0,0,0,0,0,0,0,0,0,M
Senior Data Scientist,$73K-$124K ,98.5,Woodbridge, NJ,0,0,0,1,1,1,1,0,0,0,0,0,0,0,0,0,0,M
Principal Data Scientist with over 10 years experience,Employer Provided Salary:$200K-$250K,225.0,San Francisco, CA,1,0,1,1,0,0,0,0,0,0,0,0,1,0,0,0,0,na
MED TECH/LAB SCIENTIST - LABORATORY,$21-$34 Per Hour,56.5,Lewes, DE,0,0,0,0,0,0,0,0,0,0,0,0,0,0,0,0,0,na
"Sr. Scientist, Quantitative Translational Sciences",$117K-$206K ,161.5,Boston, MA,0,0,0,0,0,0,0,0,0,0,0,0,0,0,0,0,0,M
Sr. Data Scientist II,$111K-$183K ,147.0,New York, NY,1,1,1,0,1,0,0,1,1,1,1,1,0,0,0,0,0,na
Excel / VBA / SQL Data Analyst,$44K-$78K ,61.0,Springfield, MO,0,0,0,1,1,0,0,0,0,0,0,0,0,0,0,0,0,M
Machine Learning Research Scientist,$81K-$159K ,120.0,Pittsburgh, PA,1,0,0,0,0,0,0,0,0,0,0,0,0,0,0,0,0,P
"VP, Data Science",$83K-$166K ,124.5,Phoenix, AZ,1,0,0,1,1,0,0,1,0,0,1,0,0,0,0,0,0,na
Senior Data Scientist,$114K-$182K ,148.0,Burbank, CA,1,0,0,0,0,0,0,0,0,0,0,0,0,0,0,0,0,M
Radar Data Analyst,$42K-$76K ,59.0,Huntsville, AL,1,0,0,1,0,0,0,0,0,0,0,0,0,0,0,0,0,na
PL Actuarial-Lead Data Scientist,$114K-$179K ,146.5,Worcester, MA,1,0,0,1,1,1,1,0,0,0,0,0,0,0,0,0,0,M
PV Scientist,$60K-$123K ,91.5,Newton, MA,0,0,0,1,0,0,0,0,0,0,0,0,0,0,0,0,0,P
Senior Data & Machine Learning Scientist,$100K-$166K ,133.0,Chicago, IL,1,0,1,0,1,0,0,0,1,1,1,0,0,0,0,0,0,P
Principal Data Scientist (Computational Chemistry),$108K-$173K ,140.5,Salt Lake City, UT,1,0,1,0,0,0,0,1,1,1,1,0,0,0,0,0,0,na
Data Engineer,$48K-$93K ,70.5,Lafayette, LA,0,0,0,1,1,0,0,0,0,0,0,0,0,0,0,0,0,na
"Principal Scientist, Chemistry & Immunology",$54K-$115K ,84.5,Rochester, NY,0,0,0,0,0,0,0,0,0,0,0,0,0,0,0,0,0,P
Software Engineer - Data Visualization,$60K-$127K ,93.5,Annapolis Junction, MD,0,0,0,1,0,0,0,0,0,0,0,0,0,0,0,0,0,M
"Scientist/Senior Scientist, Autoimmune",$90K-$179K ,134.5,Cambridge, MA,0,0,0,0,0,0,0,0,0,0,0,0,0,0,0,0,0,P
Staff Machine Learning Engineer,$138K-$224K ,181.0,San Francisco, CA,1,1,0,0,1,0,0,0,0,1,1,0,0,0,0,0,0,na
"Principal Scientist, Hematology",$54K-$115K ,84.5,Rochester, NY,0,0,0,0,0,0,0,0,0,0,0,0,0,0,0,0,0,P
Lead Data Engineer,$190K-$220KEmployer est.,205.0,Mountain View, CA,1,1,1,0,1,0,0,0,0,0,0,0,0,0,0,0,0,na
Marketing Data Analyst,$35K-$62K ,48.5,Highland, CA,0,0,0,1,1,1,1,0,0,0,0,0,1,0,0,0,1,M
Medical Laboratory Scientist,$18-$25 Per Hour,44.5,Burleson, TX,0,0,1,0,0,0,0,0,0,0,0,0,0,0,0,0,0,na
R&D Specialist/ Food Scientist,$39K-$66K ,52.5,Hoopeston, IL,0,0,0,0,0,0,0,0,0,0,0,0,0,0,0,0,0,na
Senior Research Scientist-Machine Learning,$81K-$167K ,124.0,Pittsburgh, PA,0,0,0,0,0,0,0,0,0,0,0,0,0,0,0,0,0,P
Analytics Manager - Data Mart,$42K-$86K ,64.0,Scotts Valley, CA,0,0,0,0,1,0,0,0,0,0,0,0,1,0,0,0,0,na
Sr. Data Engineer - Contract-to-Hire (Java),$69K-$127K ,98.0,Knoxville, TN,1,0,0,0,1,0,0,0,0,0,0,0,0,0,0,0,0,M
MED TECH/LAB SCIENTIST- SOUTH COASTAL LAB,$21-$34 Per Hour,56.5,Millville, DE,0,0,0,0,0,0,0,0,0,0,0,0,0,0,0,0,0,na
Food Scientist - Developer,$40K-$68K ,54.0,Milwaukee, WI,0,0,0,0,0,0,0,0,0,0,0,0,0,0,0,0,0,na
Staff Scientist-Downstream Process Development,$49K-$113K ,81.0,Rockville, MD,0,0,0,1,0,0,0,0,0,0,0,0,0,0,0,0,0,P
Sr. Data Engineer,$75K-$140K ,107.5,Chicago, IL,0,0,0,0,1,0,0,0,0,0,0,0,0,0,0,0,0,na
Data Scientist - Quantitative,$86K-$139K ,112.5,Chicago, IL,1,0,1,1,1,0,0,0,0,0,0,0,0,0,0,1,0,M
Data Scientist,$66K-$112K ,89.0,Herndon, VA,1,1,0,1,1,0,0,0,0,0,0,1,1,0,0,0,0,na
Senior Research Statistician- Data Scientist,$76K-$125K ,100.5,Sheboygan, WI,0,0,0,0,0,1,1,0,0,0,0,0,0,0,0,0,0,M
"Business Data Analyst, SQL",$44K-$86K ,65.0,New York, NY,0,0,0,1,1,0,0,0,0,0,0,0,1,1,0,0,0,na
Medical Technologist / Clinical Laboratory Scientist,$15-$25 Per Hour,41.5,New Orleans, LA,0,0,0,0,0,0,0,0,0,0,0,0,0,0,0,0,0,M
Data Scientist,$53K-$92K ,72.5,Dallas, TX,1,1,1,1,1,0,0,0,0,0,0,1,1,1,0,0,0,M
Senior Data Analyst,$44K-$78K ,61.0,Clearwater, FL,1,0,0,1,1,0,0,0,0,0,0,0,0,0,0,0,0,M
BI & Platform Analytics Manager,$85K-$134K ,109.5,Ewing, NJ,1,0,0,1,0,0,0,0,0,0,0,0,1,1,0,0,0,M
Data Engineer,$59K-$110K ,84.5,Cambridge, MA,1,1,0,0,1,0,0,0,0,0,0,0,0,0,0,0,0,na
Data Scientist,$64K-$111K ,87.5,Chicago, IL,0,0,0,0,1,1,1,0,0,0,0,0,0,0,0,0,0,na
Data Analyst,$65K-$120K ,92.5,San Mateo, CA,1,0,0,1,1,0,0,0,0,0,0,1,1,0,0,0,0,na
Associate Data Scientist/Computer Scientist,$60K-$103K ,81.5,McLean, VA,1,1,0,0,0,0,0,0,0,0,0,1,0,0,0,0,0,na
Business Intelligence Analyst / Developer,$53K-$105K ,79.0,Dayton, OH,0,0,0,0,1,0,0,0,0,0,0,0,0,0,0,0,0,na
Lead Data Scientist,$124K-$204K ,164.0,Boston, MA,1,1,1,0,1,0,0,0,0,1,0,1,0,0,0,0,0,P
"Sr. Data Scientist - Analytics, Personalized Healthcare (PHC)",$131K-$207K ,169.0,South San Francisco, CA,1,1,0,1,1,0,0,0,0,0,0,1,0,0,0,0,0,P
Senior Data Scientist,$110K-$174K ,142.0,Cupertino, CA,1,1,1,1,0,0,0,0,0,1,1,0,0,0,1,0,0,P
Data Analyst,$33K-$62K ,47.5,Parlier, CA,0,0,0,1,0,0,0,0,0,0,0,0,0,0,0,0,0,na
Pricipal Scientist Molecular and cellular biologist,$52K-$101K ,76.5,Boston, MA,0,0,0,1,0,0,0,0,0,0,0,0,0,0,0,0,0,P
Data Analyst,$48K-$90K ,69.0,San Francisco, CA,1,0,0,1,1,0,0,0,0,0,0,0,1,1,0,0,0,na
Data Analyst,$34K-$64K ,49.0,Meridian, ID,1,0,0,1,1,0,0,0,0,0,0,0,1,0,0,0,0,na
Staff Data Scientist,$132K-$211K ,171.5,San Jose, CA,1,0,1,0,1,0,0,0,0,0,0,1,0,0,0,0,0,M
"Data Scientist (Actuary, FSA or ASA)",$81K-$133K ,107.0,Frederick, MD,1,0,0,1,1,0,0,0,0,0,0,0,1,0,0,0,0,M
System and Data Analyst,$42K-$76K ,59.0,Cherry Hill, NJ,0,0,0,1,0,0,0,0,0,0,0,0,0,0,0,0,0,M
Data Scientist,$66K-$111K ,88.5,Indianapolis, IN,0,0,1,0,0,0,0,0,0,0,0,0,0,0,0,0,0,M
Data Engineer 5 - Contract (Remote),$74K-$140K ,107.0,Riverton, UT,0,0,0,1,0,0,0,0,0,0,0,0,0,0,0,0,0,M
Digital Health Data Scientist,$63K-$110K ,86.5,Cambridge, MA,1,0,1,1,0,0,0,0,0,0,0,0,0,0,0,0,0,na
Data Scientist,$63K-$105K ,84.0,Louisville, KY,1,0,0,1,1,0,0,0,0,0,0,0,1,0,0,0,0,M
Data & Analytics Consultant (NYC),$91K-$138K ,114.5,New York, NY,1,0,0,1,1,0,0,0,0,0,0,0,1,0,0,0,0,M
Senior Scientist - Neuroscience,$100K-$190K ,145.0,Marlborough, MA,1,0,0,1,0,0,0,0,0,0,0,0,0,0,0,0,0,P
Data Engineer,$62K-$114K ,88.0,Nashville, TN,1,1,1,1,1,0,0,0,0,0,0,1,0,0,0,0,0,na
Big Data Engineer - Chicago - Future Opportunity,$71K-$129K ,100.0,Chicago, IL,1,1,1,0,1,0,0,0,0,0,0,1,0,0,0,0,0,na
Senior Data Analyst,$43K-$80K ,61.5,Herndon, VA,1,0,0,1,1,0,0,0,0,0,0,0,1,1,0,0,0,M
Data Scientist,$74K-$119K ,96.5,Portland, OR,1,1,0,0,1,0,0,0,0,0,0,0,0,0,0,0,0,na
Survey Data Analyst,$55K-$97K ,76.0,Minneapolis, MN,1,0,0,1,1,0,0,0,0,0,0,0,0,0,0,0,0,na
Data Scientist,$15K-$16KEmployer est.,15.5,Port Washington, NY,0,0,0,1,0,0,0,0,0,0,0,0,0,0,0,0,0,na
Data Scientist,$61K-$106K ,83.5,Austin, TX,1,0,0,1,1,0,0,0,0,0,0,0,0,0,0,0,1,na
"Risk and Analytics IT, Data Scientist",$91K-$149K ,120.0,Madison, WI,1,0,0,0,1,0,0,0,0,0,0,0,1,1,0,0,0,na
Data Scientist,$127K-$199K ,163.0,South San Francisco, CA,0,0,0,1,1,1,1,0,0,0,0,0,0,0,0,0,0,M
Lead Health Data Analyst - Front End,$74K-$126K ,100.0,Providence, RI,0,0,1,0,1,1,1,0,0,0,0,0,0,0,0,0,0,na
Research Scientist,$33K-$72K ,52.5,Omaha, NE,0,0,0,1,0,0,0,0,0,0,0,0,0,0,0,0,0,P
Medical Lab Scientist,$17-$24 Per Hour,42.0,West Reading, PA,0,0,0,0,0,0,0,0,0,0,0,0,0,0,0,0,0,na
Junior Data Analyst,$37K-$63K ,50.0,Washington, DC,0,0,0,1,1,0,0,0,0,0,0,0,1,1,0,0,0,M
SQL Data Engineer,$67K-$119K ,93.0,Austin, TX,1,0,1,0,1,0,0,0,0,0,0,1,1,1,0,0,0,M
Data Scientist,$72K-$117K ,94.5,Cincinnati, OH,1,0,0,0,1,1,1,0,0,0,0,0,0,0,0,0,0,na
Senior Data Scientist,$116K-$185K ,150.5,San Francisco, CA,1,1,0,0,1,1,1,0,0,1,1,1,0,0,0,0,0,P
Data Scientist,$78K-$126K ,102.0,Raleigh, NC,1,1,1,1,1,1,1,0,0,1,0,1,1,0,0,0,0,M
"Scientist, Analytical Development",$42K-$82K ,62.0,Cambridge, MA,0,0,0,0,0,0,0,0,0,0,0,0,0,0,0,0,0,P
Analytics Manager,$59K-$116K ,87.5,Dearborn, MI,0,0,0,1,1,0,0,0,0,0,0,0,1,0,0,0,0,na
Clinical Data Scientist,$63K-$105K ,84.0,Groton, CT,0,0,1,1,0,0,0,0,0,0,0,0,0,0,0,0,0,M
Data Scientist,$109K-$177K ,143.0,Herndon, VA,1,0,1,0,0,0,0,1,0,0,1,0,0,0,0,0,0,na
"Sr. Data Scientist, Cyber-Security LT Contract",$116K-$194K ,155.0,Phila, PA,1,1,1,1,0,0,0,0,0,1,0,1,0,0,0,0,0,M
Data Engineer,$48K-$95K ,71.5,Winter Park, FL,1,1,1,1,1,0,0,0,0,0,0,1,0,0,0,0,0,na
Data Scientist,$83K-$133K ,108.0,Oakland, CA,1,1,0,0,1,1,1,0,1,1,1,0,0,0,0,0,0,M
Sr. Scientist - Digital & Image Analysis/Computational Pathology,$105K-$198K ,151.5,San Diego, CA,0,0,0,1,0,0,0,0,0,0,0,0,0,0,0,0,0,M
Digital Marketing & ECommerce Data Analyst,$31K-$72K ,51.5,San Rafael, CA,0,0,0,1,0,0,0,0,0,0,0,0,0,0,0,0,1,na
Principal Scientist - Immunologist,$98K-$182K ,140.0,Boston, MA,0,0,0,1,0,0,0,0,0,0,0,0,0,0,0,0,0,M
Senior Data Analyst,$55K-$100K ,77.5,Hamilton, NJ,1,0,0,1,1,0,0,0,0,0,0,0,1,0,0,0,0,na
Insurance Financial Data Analyst,$45K-$82K ,63.5,Boise, ID,0,0,0,1,1,0,0,0,0,0,0,0,0,0,0,0,0,na
Data Scientist,$83K-$135K ,109.0,San Francisco, CA,1,0,0,0,1,0,0,0,0,0,0,0,1,0,0,0,0,na
Data Scientist,$70K-$122K ,96.0,Oak Ridge, TN,1,0,0,0,0,0,0,1,1,0,1,0,0,0,0,0,0,M
Principal Data Scientist with over 10 years experience,Employer Provided Salary:$200K-$250K,225.0,San Francisco, CA,1,0,1,1,0,0,0,0,0,0,0,0,1,0,0,0,0,na
Data Engineer,$70K-$132K ,101.0,Agoura Hills, CA,1,0,1,1,1,0,0,0,0,0,0,0,1,0,0,0,0,na
Senior Data Scientist,$73K-$124K ,98.5,Woodbridge, NJ,0,0,0,1,1,1,1,0,0,0,0,0,0,0,0,0,0,M
Data Engineer I - Azure,$54K-$101K ,77.5,Pella, IA,0,0,0,1,1,0,0,0,0,0,0,1,0,0,0,0,0,na
"Sr. Scientist, Quantitative Translational Sciences",$117K-$206K ,161.5,Boston, MA,0,0,0,0,0,0,0,0,0,0,0,0,0,0,0,0,0,M
MED TECH/LAB SCIENTIST - LABORATORY,$21-$34 Per Hour,56.5,Lewes, DE,0,0,0,0,0,0,0,0,0,0,0,0,0,0,0,0,0,na
Sr. Data Scientist II,$111K-$183K ,147.0,New York, NY,1,1,1,0,1,0,0,1,1,1,1,1,0,0,0,0,0,na
Data Scientist,$68K-$112K ,90.0,San Ramon, CA,1,0,0,1,1,0,0,1,0,1,0,0,1,0,0,0,0,na
Information Security Data Analyst,$42K-$74K ,58.0,Red Bank, NJ,0,0,1,0,1,0,0,0,0,0,0,0,0,0,0,0,0,na
Excel / VBA / SQL Data Analyst,$44K-$78K ,61.0,Springfield, MO,0,0,0,1,1,0,0,0,0,0,0,0,0,0,0,0,0,M
Machine Learning Research Scientist,$81K-$159K ,120.0,Pittsburgh, PA,1,0,0,0,0,0,0,0,0,0,0,0,0,0,0,0,0,P
Data Scientist,$95K-$161K ,128.0,New York, NY,1,0,0,0,0,0,0,0,0,0,0,0,0,0,0,0,0,na
Data Scientist,$75K-$124K ,99.5,Hillsboro, OR,1,1,1,1,1,0,0,1,0,1,1,0,1,0,0,0,0,na
Data Scientist,$72K-$120K ,96.0,Detroit, MI,1,0,0,0,1,1,1,0,0,0,0,0,0,0,0,0,0,M
Data Scientist,$76K-$126K ,101.0,Washington, DC,1,0,0,1,1,0,0,0,0,0,0,0,1,0,0,0,0,M
Senior Data Scientist,$114K-$182K ,148.0,Burbank, CA,1,0,0,0,0,0,0,0,0,0,0,0,0,0,0,0,0,M
"Data Scientist, Senior",$108K-$176K ,142.0,Fort Belvoir, VA,1,0,1,0,1,0,0,0,0,0,0,0,0,0,0,1,0,na
Senior Data Scientist,$130K-$208K ,169.0,Palo Alto, CA,0,0,1,1,1,1,1,0,0,0,0,0,1,0,0,1,0,M
"VP, Data Science",$83K-$166K ,124.5,Phoenix, AZ,1,0,0,1,1,0,0,1,0,0,1,0,0,0,0,0,0,na
Radar Data Analyst,$42K-$76K ,59.0,Huntsville, AL,1,0,0,1,0,0,0,0,0,0,0,0,0,0,0,0,0,na
CONSULTANT– DATA ANALYTICS GROUP,$37K-$68K ,52.5,San Diego, CA,1,0,0,0,1,0,0,0,0,0,0,0,0,0,0,0,0,na
Data Engineer,$52K-$99K ,75.5,Houston, TX,0,1,0,0,1,0,0,0,0,0,0,1,1,1,0,0,0,na
Senior Data Scientist,$105K-$173K ,139.0,Armonk, NY,1,0,0,1,1,0,0,0,0,0,0,0,0,0,0,0,0,M
"Data Engineer, Data Engineering and Artifical Intelligence",$71K-$134K ,102.5,Cambridge, MA,1,1,1,1,1,0,0,0,0,0,0,1,1,0,0,1,0,na
Staff Scientist,$39K-$82K ,60.5,Columbia, SC,0,0,0,0,0,0,0,0,0,0,0,0,0,0,0,0,0,na
PL Actuarial-Lead Data Scientist,$114K-$179K ,146.5,Worcester, MA,1,0,0,1,1,1,1,0,0,0,0,0,0,0,0,0,0,M
"Associate Scientist/Scientist, Process Analytical Technology - Small Molecule Analytical Chemistry",$88K-$162K ,125.0,South San Francisco, CA,0,0,0,1,0,0,0,0,0,0,0,0,0,0,0,0,0,P
Sr. Data Analyst,$60K-$102K ,81.0,Springfield, MA,1,0,0,0,1,0,0,0,0,0,0,0,1,0,0,0,0,na
Senior Data & Machine Learning Scientist,$100K-$166K ,133.0,Chicago, IL,1,0,1,0,1,0,0,0,1,1,1,0,0,0,0,0,0,P
Program/Data Analyst,$55K-$99K ,77.0,Washington, DC,0,0,0,1,1,0,0,0,0,0,0,0,1,0,0,0,0,M
Data Engineer,$67K-$117K ,92.0,Herndon, VA,0,0,0,0,1,0,0,0,0,0,0,1,0,0,0,0,0,na
Senior Data Scientist: Causal & Predictive analytics AI Innovation Lab,$92K-$150K ,121.0,Cambridge, MA,0,0,0,0,0,0,0,0,0,0,0,0,0,0,0,0,0,na
"Principal Data Engineer, Data Platform & Insights",$116K-$209K ,162.5,San Francisco, CA,1,1,0,1,1,0,0,0,0,0,0,0,0,0,0,0,0,na
RESEARCH SCIENTIST - BIOLOGICAL SAFETY,$38K-$82K ,60.0,San Antonio, TX,0,0,0,0,0,0,0,0,0,0,0,0,0,0,0,0,0,na
Data Operations Lead,Employer Provided Salary:$85K-$90K,87.5,San Francisco, CA,1,0,0,1,1,0,0,0,0,0,0,0,1,0,0,0,0,M
Big Data Engineer,$62K-$119K ,90.5,Indianapolis, IN,1,1,0,0,0,0,0,0,0,0,0,1,0,0,0,0,0,na
Data Scientist / Machine Learning Expert,$86K-$143K ,114.5,Cambridge, MA,1,0,0,0,0,0,0,0,1,1,0,0,0,0,0,0,0,na
Data Scientist,$93K-$149K ,121.0,Sunnyvale, CA,1,1,0,1,1,0,0,1,0,1,1,0,0,0,0,1,0,M
Senior Data Scientist,$84K-$136K ,110.0,Dallas, TX,0,0,0,0,0,0,0,0,0,0,0,0,1,0,0,0,0,M
PV Scientist,$60K-$123K ,91.5,Newton, MA,0,0,0,1,0,0,0,0,0,0,0,0,0,0,0,0,0,P
Clinical Data Analyst,$52K-$89K ,70.5,Portsmouth, VA,0,0,0,0,0,0,0,0,0,0,0,0,0,0,0,0,0,na
Data Engineer,$48K-$93K ,70.5,Lafayette, LA,0,0,0,1,1,0,0,0,0,0,0,0,0,0,0,0,0,na
Computational Chemist/Data Scientist,$56K-$97K ,76.5,Richland, WA,1,0,0,0,0,0,0,0,0,0,0,0,0,0,0,0,0,P
Data Engineer,$65K-$119K ,92.0,Springfield, MA,1,1,0,1,0,0,0,0,0,0,0,0,0,0,0,0,0,na
Principal Data Scientist (Computational Chemistry),$108K-$173K ,140.5,Salt Lake City, UT,1,0,1,0,0,0,0,1,1,1,1,0,0,0,0,0,0,na
Product Engineer – Data Science,$63K-$101K ,82.0,Arlington, VA,1,0,0,0,1,0,0,0,0,0,0,0,0,0,0,0,0,M
"Principal Scientist, Chemistry & Immunology",$54K-$115K ,84.5,Rochester, NY,0,0,0,0,0,0,0,0,0,0,0,0,0,0,0,0,0,P
"Scientist/Senior Scientist, Autoimmune",$90K-$179K ,134.5,Cambridge, MA,0,0,0,0,0,0,0,0,0,0,0,0,0,0,0,0,0,P
Data Scientist,$127K-$202K ,164.5,San Francisco, CA,0,0,0,0,0,0,0,0,0,0,0,0,0,0,0,0,0,na
Market Data Analyst,$31K-$57K ,44.0,West Palm Beach, FL,0,0,0,0,0,0,0,0,0,0,0,0,0,0,0,0,0,M
Software Engineer - Data Visualization,$60K-$127K ,93.5,Annapolis Junction, MD,0,0,0,1,0,0,0,0,0,0,0,0,0,0,0,0,0,M
Data Engineer,$75K-$143K ,109.0,Herndon, VA,1,1,0,0,0,0,0,0,0,0,0,1,0,0,0,0,0,na
Staff Data Engineer,$105K-$194K ,149.5,Austin, TX,0,1,1,0,0,0,0,0,0,0,0,0,0,0,0,0,0,M
Associate Data Engineer,$45K-$86K ,65.5,Washington, DC,0,1,1,1,1,0,0,0,0,0,0,0,0,0,0,0,0,M
Senior Data Scientist,$95K-$154K ,124.5,Charlotte, NC,1,1,0,1,0,0,0,0,0,0,0,0,0,0,0,0,0,M
Staff BI and Data Engineer,$80K-$148K ,114.0,San Jose, CA,1,1,0,0,1,0,0,0,0,0,0,0,1,0,0,0,0,M
Marketing Data Analyst,$36K-$62K ,49.0,Exton, PA,1,0,0,0,1,0,0,0,0,0,0,0,1,1,0,0,0,na
"Principal Scientist, Hematology",$54K-$115K ,84.5,Rochester, NY,0,0,0,0,0,0,0,0,0,0,0,0,0,0,0,0,0,P
Data Analyst,$50K-$92K ,71.0,Alexandria, VA,0,0,0,1,1,0,0,0,0,0,0,0,1,1,0,0,0,na
"Director - Data, Privacy and AI Governance",$67K-$135K ,101.0,Boston, MA,0,0,0,0,0,0,0,0,0,0,0,0,0,0,0,0,0,na
Data Scientist,$82K-$132K ,107.0,Redlands, CA,1,1,1,0,0,0,0,0,0,0,0,1,1,0,0,1,0,M
Data Scientist,$85K-$140K ,112.5,Ipswich, MA,1,0,0,1,0,0,0,0,0,0,0,0,0,0,0,0,0,na
Staff Machine Learning Engineer,$138K-$224K ,181.0,San Francisco, CA,1,1,0,0,1,0,0,0,0,1,1,0,0,0,0,0,0,na
Information Security Data Analyst,$42K-$80K ,61.0,Chicago, IL,1,1,0,0,1,0,0,0,0,0,0,1,0,0,0,0,0,M
Lead Data Engineer,$190K-$220KEmployer est.,205.0,Mountain View, CA,1,1,1,0,1,0,0,0,0,0,0,0,0,0,0,0,0,na
Scientist Manufacturing - Kentucky BioProcessing,$68K-$139K ,103.5,Owensboro, KY,0,0,0,0,0,0,0,0,0,0,0,0,0,0,0,0,0,na
Data Analytics Project Manager,$34K-$92K ,63.0,Springfield, MA,0,0,0,1,0,0,0,0,0,0,0,0,0,0,0,0,0,M
Consultant - Analytics Consulting,$54K-$71K ,62.5,Hartford, CT,0,0,0,1,0,0,0,0,0,0,0,0,0,0,0,0,0,na
Data Engineer,$65K-$124K ,94.5,Orange, CA,1,1,1,1,1,0,0,0,0,0,0,1,0,0,0,0,0,M
Marketing Data Analyst,$35K-$62K ,48.5,Highland, CA,0,0,0,1,1,1,1,0,0,0,0,0,1,0,0,0,1,M
Senior Scientist (Neuroscience),$109K-$200K ,154.5,Marlborough, MA,1,0,0,1,0,0,0,0,0,0,0,0,0,0,0,0,0,P
Medical Laboratory Scientist,$18-$25 Per Hour,44.5,Burleson, TX,0,0,1,0,0,0,0,0,0,0,0,0,0,0,0,0,0,na
Machine Learning Engineer - Regulatory,$61K-$113K ,87.0,Lenexa, KS,1,0,0,1,1,0,0,0,0,0,0,1,0,0,0,0,0,na
R&D Specialist/ Food Scientist,$39K-$66K ,52.5,Hoopeston, IL,0,0,0,0,0,0,0,0,0,0,0,0,0,0,0,0,0,na
Data Engineer,$43K-$86K ,64.5,New York, NY,1,0,1,1,1,0,0,0,0,0,0,0,0,0,0,0,0,na
"Scientist, Bacteriology",$74K-$149K ,111.5,Concord, CA,0,0,0,1,0,0,0,0,0,0,0,0,0,0,0,0,0,P
"Associate Director, Platform and DevOps- Data Engineering and Aritifical Intelligence",$113K-$196K ,154.5,Cambridge, MA,0,1,1,1,1,0,0,0,0,0,0,1,0,0,0,1,0,M
Senior Research Scientist-Machine Learning,$81K-$167K ,124.0,Pittsburgh, PA,0,0,0,0,0,0,0,0,0,0,0,0,0,0,0,0,0,P
Senior Data Scientist,$97K-$160K ,128.5,Chicago, IL,1,0,1,1,1,0,0,0,0,0,0,1,1,0,0,0,0,na
Clinical Laboratory Scientist,$24-$39 Per Hour,65.0,Vail, CO,0,0,0,0,0,0,0,0,0,0,0,0,0,0,0,0,0,na
Analytics Manager - Data Mart,$42K-$86K ,64.0,Scotts Valley, CA,0,0,0,0,1,0,0,0,0,0,0,0,1,0,0,0,0,na
Sr. Data Engineer - Contract-to-Hire (Java),$69K-$127K ,98.0,Knoxville, TN,1,0,0,0,1,0,0,0,0,0,0,0,0,0,0,0,0,M
Data Scientist - Algorithms & Inference,$110K-$175K ,142.5,San Francisco, CA,0,0,0,0,0,0,0,0,0,0,0,0,0,0,0,0,0,M
Senior Data Scientist - R&D Oncology,$102K-$172K ,137.0,New York, NY,1,0,0,0,0,0,0,0,0,0,0,0,0,0,0,0,0,P
Data Engineer,$74K-$124K ,99.0,Denver, CO,1,0,1,0,1,0,0,0,0,0,0,0,0,0,0,0,0,M
Food Scientist - Developer,$40K-$68K ,54.0,Milwaukee, WI,0,0,0,0,0,0,0,0,0,0,0,0,0,0,0,0,0,na
Senior Data Scientist,$108K-$171K ,139.5,Natick, MA,1,0,0,0,1,0,0,0,0,0,0,0,1,1,0,0,0,M
Data Engineer,$76K-$142K ,109.0,Rockville, MD,0,0,1,0,0,0,0,0,0,0,0,0,0,0,0,0,0,M
"Director II, Data Science - GRM Actuarial",$202K-$306K ,254.0,Chicago, IL,1,0,0,0,0,1,1,0,0,0,0,0,0,0,0,0,0,M
"Scientist, Molecular/Cellular Biologist",$49K-$97K ,73.0,South San Francisco, CA,0,0,0,0,0,0,0,0,0,0,0,0,0,0,0,0,0,P
Staff Scientist-Downstream Process Development,$49K-$113K ,81.0,Rockville, MD,0,0,0,1,0,0,0,0,0,0,0,0,0,0,0,0,0,P
MED TECH/LAB SCIENTIST- SOUTH COASTAL LAB,$21-$34 Per Hour,56.5,Millville, DE,0,0,0,0,0,0,0,0,0,0,0,0,0,0,0,0,0,na
Scientist - Analytical Services,$65K-$134K ,99.5,Winston-Salem, NC,0,0,0,1,0,0,0,0,0,0,0,0,0,0,0,0,0,na
Associate Data Analyst- Graduate Development Program,$32K-$59K ,45.5,Richfield, OH,0,0,0,0,0,0,0,0,0,0,0,0,0,0,0,0,0,na
Sr. Data Engineer,$87K-$158K ,122.5,Indianapolis, IN,1,1,1,0,1,0,0,0,0,0,0,1,0,0,0,1,0,na
Senior Insurance Data Scientist,$107K-$173K ,140.0,Chicago, IL,1,0,0,1,1,1,1,0,0,0,0,0,0,0,0,0,0,na
Senior Data Science Systems Engineer,$56K-$99K ,77.5,Hampton, VA,0,0,0,0,0,0,0,0,0,0,0,0,0,0,0,0,0,P
ENVIRONMENTAL ENGINEER/SCIENTIST,Employer Provided Salary:$25-$28 Per Hour,55.0,Cambridge, MA,0,0,0,1,0,0,0,0,0,0,0,0,0,0,0,0,0,na
Senior Scientist - Regulatory Submissions,$80K-$155K ,117.5,Winston-Salem, NC,0,0,0,1,0,0,0,0,0,0,0,0,0,0,0,0,0,M
Scientist - Biomarker and Flow Cytometry,$43K-$98K ,70.5,San Diego, CA,0,0,0,0,0,0,0,0,0,0,0,0,0,0,0,0,0,M
Revenue Analytics Manager,$45K-$78K ,61.5,San Francisco, CA,0,0,0,1,1,0,0,0,0,0,0,0,1,0,0,0,0,na
"Associate Scientist, LC/MS Biologics",$44K-$96K ,70.0,Ithaca, NY,0,0,0,1,0,0,0,0,0,0,0,0,0,0,0,0,0,na
Sr. Scientist Method Development,$50K-$110K ,80.0,Marietta, GA,0,0,0,1,0,0,0,0,0,0,0,0,0,0,0,0,0,na
IT - Data Engineer II,$61K-$119K ,90.0,Quincy, MA,0,1,0,1,1,0,0,0,0,0,0,1,0,0,0,0,0,na
"Research Scientist, Immunology - Cancer Biology",Employer Provided Salary:$100K-$140K,120.0,Cambridge, MA,0,0,0,1,0,0,0,0,0,0,0,0,0,0,0,0,0,P
"Project Scientist - Auton Lab, Robotics Institute",$56K-$91K ,73.5,Pittsburgh, PA,0,0,0,1,0,0,0,0,0,0,0,0,0,0,0,0,0,P
Data Scientist,$68K-$114K ,91.0,Fort Lauderdale, FL,1,0,0,1,1,0,0,0,0,0,0,1,1,0,0,0,0,na
Data Scientist,Employer Provided Salary:$150K-$160K,155.0,Washington, DC,0,0,1,1,0,0,0,0,0,0,0,0,0,0,0,0,0,na
"Enterprise Architect, Data",$101K-$158K ,129.5,Boston, MA,1,1,1,1,1,0,0,0,0,0,0,1,1,1,0,0,0,na
"Senior Manager, Epidemiologic Data Scientist",$125K-$210K ,167.5,New York, NY,0,0,1,1,0,0,0,0,0,0,0,0,0,0,0,0,0,M
Corporate Risk Data Analyst (SQL Based) - Milwaukee or,$43K-$77K ,60.0,Green Bay, WI,0,0,1,1,0,0,0,0,0,0,0,0,0,0,0,0,0,na
Lead Data Scientist,$139K-$221K ,180.0,Burbank, CA,1,0,0,1,1,0,0,0,0,0,0,0,0,0,0,0,0,M
"Marketing Data Analyst, May 2020 Undergrad",$44K-$86K ,65.0,New York, NY,0,0,0,1,1,1,1,0,0,0,0,0,0,0,0,0,0,na
Senior Data Engineer,$78K-$147K ,112.5,Durham, NC,1,1,1,0,0,0,0,0,0,0,0,1,0,0,1,0,0,na
Senior Data Analyst,$65K-$110K ,87.5,New York, NY,1,0,0,1,1,0,0,0,0,0,0,0,0,0,0,0,1,na
Data Modeler - Data Solutions Engineer,$37K-$66K ,51.5,Indianapolis, IN,1,0,0,1,1,0,0,0,0,0,0,0,0,1,0,0,0,M
Associate Environmental Scientist - Wildlife Biologist,$38K-$64K ,51.0,Clovis, CA,0,0,0,1,0,0,0,0,0,0,0,0,0,0,0,0,0,na
"Associate, Data Science, Internal Audit",$43K-$82K ,62.5,Boston, MA,1,0,0,1,1,1,1,0,0,0,0,0,0,0,0,0,0,M
Sr Data Engineer (Sr BI Developer),$90K-$110KEmployer est.,100.0,Chandler, AZ,0,0,0,0,1,0,0,0,0,0,0,1,0,0,0,0,0,na
Data Engineer,$61K-$109K ,85.0,Chantilly, VA,1,1,1,0,0,0,0,0,0,0,0,1,0,0,0,0,0,na
Senior LiDAR Data Scientist,$93K-$151K ,122.0,Orlando, FL,1,0,1,0,0,0,0,0,0,0,0,0,0,0,0,0,0,M
Salesforce Analytics Consultant,$52K-$81K ,66.5,Chicago, IL,1,0,0,0,1,1,1,0,0,0,0,0,1,1,0,0,0,M
"Technology-Minded, Data Professional Opportunities",$40K-$101K ,70.5,Columbia, MO,0,1,0,1,1,0,0,0,0,0,0,1,1,0,0,1,0,na
Senior Data Engineer,$97K-$180K ,138.5,Austin, TX,1,1,0,0,1,0,0,0,0,0,1,0,0,0,0,0,0,na
Managing Data Scientist/ML Engineer,$81K-$134K ,107.5,Boston, MA,0,1,0,1,1,0,0,0,0,0,0,1,1,0,0,1,0,na
"Scientist, Pharmacometrics",$84K-$157K ,120.5,Cambridge, MA,0,0,0,0,0,1,1,0,0,0,0,0,0,0,0,0,0,M
Staff Scientist- Upstream PD,$49K-$113K ,81.0,Rockville, MD,0,0,0,0,0,0,0,0,0,0,0,0,0,0,0,0,0,na
Scientist Manufacturing Pharma - Kentucky BioProcessing,$68K-$139K ,103.5,Owensboro, KY,0,0,0,0,0,0,0,0,0,0,0,0,0,0,0,0,0,na
Sr. Data Engineer,$75K-$140K ,107.5,Chicago, IL,0,0,0,0,1,0,0,0,0,0,0,0,0,0,0,0,0,na
Lead Big Data Engineer,$121K-$203K ,162.0,San Francisco, CA,1,1,1,1,0,0,0,0,0,0,0,1,0,0,0,0,0,na
Product Engineer – Spatial Data Science and Statistical Analysis,$52K-$85K ,68.5,Redlands, CA,1,1,0,1,0,0,0,0,1,1,1,0,0,0,0,0,0,M
Sr Software Engineer (Data Scientist),$81K-$140K ,110.5,Westlake, OH,0,0,0,1,1,0,0,0,1,0,1,0,0,0,0,0,0,na
College Hire - Data Scientist - Open to December 2019 Graduates,$63K-$99K ,81.0,Peoria, IL,0,0,0,0,0,0,0,0,0,0,0,0,1,0,0,0,0,na
Senior Data Scientist,$110K-$150KEmployer est.,130.0,Chicago, IL,1,1,0,1,1,0,0,0,0,1,0,1,1,1,0,0,0,M
Sr. Data Engineer (ETL Developer),$83K-$148K ,115.5,Des Moines, IA,1,0,0,1,1,0,0,0,0,0,0,0,1,0,0,0,0,na
Senior Data Scientist Artificial Intelligence,$60K-$101K ,80.5,Richland, WA,0,0,0,0,0,0,0,0,1,0,1,0,0,0,0,0,0,M
Analytics - Business Assurance Data Analyst,$31K-$55K ,43.0,Cedar Rapids, IA,0,0,0,1,1,0,0,0,0,0,0,0,1,0,0,0,0,na
"Associate Director/Director, Safety Scientist",$102K-$178K ,140.0,Cambridge, MA,0,0,0,1,0,0,0,0,0,0,0,0,0,0,0,0,0,P
"Senior Scientist, Cell Pharmacology/Assay Development",Employer Provided Salary:$110K-$130K,120.0,Cambridge, MA,0,0,0,0,0,0,0,0,0,0,0,0,0,0,0,0,0,P
Data Analyst Senior,$48K-$85K ,66.5,Philadelphia, PA,0,0,0,1,1,1,1,0,0,0,0,0,1,0,0,0,0,M
Lead Data Engineer (Python),$66K-$123K ,94.5,San Francisco, CA,1,0,1,0,0,0,0,0,0,0,0,0,0,0,0,0,0,na
Senior Data Scientist 4 Artificial Intelligence,$92K-$146K ,119.0,Seattle, WA,0,0,0,0,0,0,0,0,1,0,1,0,0,0,0,0,0,M
Medical Lab Scientist - MLT,$21-$29 Per Hour,51.5,Omaha, NE,0,0,0,0,0,0,0,0,0,0,0,0,0,0,0,0,0,na
"Senior Operations Data Analyst, Call Center Operations",$10-$17 Per Hour,27.5,Nashville, TN,0,0,0,1,0,0,0,0,0,0,0,0,1,0,0,0,0,na
"Director II, Data Science - GRS Predictive Analytics",$150K-$239K ,194.5,Chicago, IL,1,0,0,0,0,1,1,0,0,0,0,0,0,0,0,0,0,P
RESEARCH COMPUTER SCIENTIST - RESEARCH ENGINEER - SR. COMPUTER SCIENTIST - SOFTWARE DEVELOPMENT,$52K-$91K ,71.5,San Antonio, TX,1,0,1,1,1,0,0,0,0,0,0,0,0,0,0,0,0,na
Geospatial Software Developer and Data Scientist,$82K-$129KEmployer est.,105.5,Austin, TX,1,0,1,0,0,0,0,1,1,1,1,0,0,0,0,0,0,na
Senior Scientist - Toxicologist - Product Integrity (Stewardship),$47K-$101K ,74.0,Winston-Salem, NC,0,0,0,1,0,0,0,0,0,0,0,0,0,0,0,0,0,M
Systems Engineer II - Data Analyst,$49K-$76K ,62.5,Huntsville, AL,0,0,0,1,0,0,0,0,0,0,0,0,0,0,0,0,0,na
Senior Research Analytical Scientist-Non-Targeted Analysis,$43K-$88K ,65.5,Durham, NC,0,0,0,0,0,0,0,0,0,0,0,0,0,0,0,0,0,P
Director Data Science,$124K-$199K ,161.5,Fort Lee, NJ,1,0,1,1,1,0,0,0,0,0,0,0,1,1,0,0,0,na
Sr Data Analyst - IT,$52K-$93K ,72.5,Blue Bell, PA,0,0,0,1,1,0,0,0,0,0,0,0,1,0,0,0,0,na
Senior Data Engineer,$97K-$181K ,139.0,San Francisco, CA,1,0,1,1,0,0,0,0,0,0,0,0,0,0,0,0,0,na
Senior Data Engineer,$100K-$173K ,136.5,San Francisco, CA,0,0,0,0,1,0,0,0,0,0,0,0,0,0,0,0,0,na
Associate Machine Learning Engineer / Data Scientist May 2020 Undergrad,$53K-$96K ,74.5,New York, NY,1,1,0,0,0,0,0,0,0,0,0,0,0,0,0,0,0,na
Senior Scientist - Biostatistician,$65K-$96K ,80.5,Winston-Salem, NC,0,0,0,1,0,0,0,0,0,0,0,0,0,0,0,0,0,M
Data Scientist,$56K-$95K ,75.5,Albuquerque, NM,1,0,0,1,0,0,0,0,0,0,0,0,0,0,0,0,0,M
Data Scientist,$111K-$176K ,143.5,Saint Louis, MO,1,1,0,0,1,0,0,1,0,1,1,0,0,0,0,0,0,na
Data Scientist,$75K-$127K ,101.0,Springfield, VA,1,0,0,0,1,1,1,0,0,0,0,0,0,0,0,0,0,na
Data Engineer,$65K-$119K ,92.0,Springfield, MA,1,1,0,1,0,0,0,0,0,0,0,0,0,0,0,0,0,na
Computational Chemist/Data Scientist,$56K-$97K ,76.5,Richland, WA,1,0,0,0,0,0,0,0,0,0,0,0,0,0,0,0,0,P
Principal Data Scientist (Computational Chemistry),$108K-$173K ,140.5,Salt Lake City, UT,1,0,1,0,0,0,0,1,1,1,1,0,0,0,0,0,0,na
Data Scientist,$94K-$139K ,116.5,Jersey City, NJ,0,0,0,1,1,0,0,0,0,0,0,0,0,0,0,0,0,na
Principal Machine Learning Scientist,$176K-$289K ,232.5,San Francisco, CA,1,0,0,0,1,0,0,0,0,1,0,0,0,0,0,0,0,P
Data Scientist,$92K-$149K ,120.5,San Francisco, CA,1,0,0,0,1,0,0,0,0,0,0,0,0,0,0,0,0,P
Product Engineer – Data Science,$63K-$101K ,82.0,Arlington, VA,1,0,0,0,1,0,0,0,0,0,0,0,0,0,0,0,0,M
"Principal Scientist, Chemistry & Immunology",$54K-$115K ,84.5,Rochester, NY,0,0,0,0,0,0,0,0,0,0,0,0,0,0,0,0,0,P
Data Scientist,$118K-$188K ,153.0,Emeryville, CA,1,1,1,0,1,0,0,1,1,0,1,0,0,0,0,0,0,P
Data Scientist,$108K-$146K ,127.0,Palo Alto, CA,1,1,0,0,1,0,0,0,0,0,0,1,0,0,0,0,0,M
Data Scientist,$65K-$106K ,85.5,Santa Barbara, CA,1,1,0,1,1,0,0,0,0,1,1,1,0,0,0,0,0,P
Data Scientist,$55K-$98K ,76.5,Carle Place, NY,1,0,0,1,1,1,1,0,0,0,0,0,1,0,0,0,0,na
Data Scientist,$94K-$162K ,128.0,New York, NY,1,1,0,0,1,0,0,1,0,1,1,1,1,0,0,1,1,na
Data Engineer,$63K-$120K ,91.5,King of Prussia, PA,1,1,1,1,1,0,0,0,0,0,0,1,0,0,0,0,0,na
"Scientist/Senior Scientist, Autoimmune",$90K-$179K ,134.5,Cambridge, MA,0,0,0,0,0,0,0,0,0,0,0,0,0,0,0,0,0,P
Data Scientist,$127K-$202K ,164.5,San Francisco, CA,0,0,0,0,0,0,0,0,0,0,0,0,0,0,0,0,0,na
Software Engineer - Data Visualization,$60K-$127K ,93.5,Annapolis Junction, MD,0,0,0,1,0,0,0,0,0,0,0,0,0,0,0,0,0,M
Market Data Analyst,$31K-$57K ,44.0,West Palm Beach, FL,0,0,0,0,0,0,0,0,0,0,0,0,0,0,0,0,0,M
Staff Data Engineer,$105K-$194K ,149.5,Austin, TX,0,1,1,0,0,0,0,0,0,0,0,0,0,0,0,0,0,M
Associate Data Engineer,$45K-$86K ,65.5,Washington, DC,0,1,1,1,1,0,0,0,0,0,0,0,0,0,0,0,0,M
Data Engineer,$75K-$143K ,109.0,Herndon, VA,1,1,0,0,0,0,0,0,0,0,0,1,0,0,0,0,0,na
Staff Data Engineer,$126K-$228K ,177.0,Mountain View, CA,1,1,1,0,1,0,0,0,0,0,0,1,0,0,1,1,0,P
Data Scientist,$80K-$134K ,107.0,Arlington, VA,1,1,0,1,1,0,0,0,1,1,1,1,0,0,0,0,0,P
Data Scientist,$120K-$189K ,154.5,Santa Clara, CA,1,1,0,1,0,0,0,0,0,0,1,0,0,0,1,0,0,P
Data Scientist,$85K-$142K ,113.5,Santa Clara, CA,1,1,0,0,1,0,0,0,0,0,0,0,0,0,0,0,0,na
Senior Data Scientist,$95K-$154K ,124.5,Charlotte, NC,1,1,0,1,0,0,0,0,0,0,0,0,0,0,0,0,0,M
Data Scientist,$111K-$176K ,143.5,Brisbane, CA,1,0,0,1,1,0,0,0,0,0,0,0,0,0,0,0,0,P
Data Scientist,$87K-$140K ,113.5,San Francisco, CA,1,0,0,0,1,0,0,0,0,0,0,0,0,0,0,0,0,M
Data Scientist,$76K-$127K ,101.5,Springfield, VA,1,0,1,0,0,0,0,0,1,0,1,0,0,0,0,0,0,M
"Data Analyst, Performance Partnership",$54K-$92K ,73.0,New York, NY,0,0,1,1,1,0,0,0,0,0,0,0,1,1,0,0,0,na
Data Scientist,$61K-$100K ,80.5,New York, NY,1,0,1,0,1,0,0,0,0,0,0,0,0,0,0,0,0,M
Data Scientist,$81K-$140K ,110.5,New York, NY,1,0,0,0,1,0,0,0,0,0,1,0,0,0,0,0,0,M
Staff BI and Data Engineer,$80K-$148K ,114.0,San Jose, CA,1,1,0,0,1,0,0,0,0,0,0,0,1,0,0,0,0,M
Data Scientist,$108K-$171K ,139.5,Foster City, CA,1,0,0,0,1,0,0,0,0,0,0,0,0,0,0,0,0,na
Data Scientist,$112K-$179K ,145.5,New York, NY,1,0,0,1,1,0,0,0,0,0,0,0,1,0,0,0,0,na
Data Scientist,$63K-$111K ,87.0,New York, NY,0,0,0,1,0,0,0,0,0,0,0,0,0,0,0,0,0,na
Data Scientist,$75K-$126K ,100.5,Holyoke, MA,0,0,0,1,1,0,0,0,0,0,0,0,0,0,0,0,0,M
Data Scientist Manager,$110K-$184K ,147.0,New York, NY,1,1,0,1,1,1,1,0,0,1,0,1,0,0,0,1,0,M
Data Engineer,$76K-$145K ,110.5,New York, NY,1,0,0,1,1,0,0,0,0,0,0,0,0,0,0,0,0,M
Marketing Data Analyst,$36K-$62K ,49.0,Exton, PA,1,0,0,0,1,0,0,0,0,0,0,0,1,1,0,0,0,na
Data Scientist,$70K-$118K ,94.0,Waltham, MA,1,1,1,0,1,0,0,0,0,0,0,1,1,1,0,0,0,M
Senior Data Scientist,$94K-$153K ,123.5,New York, NY,1,0,1,0,1,0,0,0,0,0,0,0,0,0,0,0,0,M
"Principal Scientist, Hematology",$54K-$115K ,84.5,Rochester, NY,0,0,0,0,0,0,0,0,0,0,0,0,0,0,0,0,0,P
Data Analyst,$50K-$92K ,71.0,Alexandria, VA,0,0,0,1,1,0,0,0,0,0,0,0,1,1,0,0,0,na
Software Data Engineer - College,$49K-$97K ,73.0,Corvallis, OR,0,0,0,0,1,0,0,0,0,0,0,0,0,0,0,0,0,M
"Director - Data, Privacy and AI Governance",$67K-$135K ,101.0,Boston, MA,0,0,0,0,0,0,0,0,0,0,0,0,0,0,0,0,0,na
Staff Machine Learning Engineer,$138K-$224K ,181.0,San Francisco, CA,1,1,0,0,1,0,0,0,0,1,1,0,0,0,0,0,0,na
Data Scientist,$80K-$139K ,109.5,San Diego, CA,0,0,0,1,1,0,0,0,0,0,0,0,1,0,0,0,0,na
Lead Data Scientist,$158K-$211K ,184.5,Bellevue, WA,1,0,0,1,1,1,1,0,0,0,0,0,1,0,0,0,0,na
Senior Data Scientist - Algorithms,$150K-$180K ,165.0,New York, NY,1,0,0,0,0,0,0,0,0,1,0,1,0,0,0,0,0,M
Information Security Data Analyst,$42K-$80K ,61.0,Chicago, IL,1,1,0,0,1,0,0,0,0,0,0,1,0,0,0,0,0,M
Lead Data Engineer,$190K-$220KEmployer est.,205.0,Mountain View, CA,1,1,1,0,1,0,0,0,0,0,0,0,0,0,0,0,0,na
Data Analyst,$42K-$77K ,59.5,New York, NY,1,0,0,1,1,0,0,0,0,0,0,0,0,0,0,0,0,na
Scientist Manufacturing - Kentucky BioProcessing,$68K-$139K ,103.5,Owensboro, KY,0,0,0,0,0,0,0,0,0,0,0,0,0,0,0,0,0,na
Consultant - Analytics Consulting,$54K-$71K ,62.5,Hartford, CT,0,0,0,1,0,0,0,0,0,0,0,0,0,0,0,0,0,na
Data Analytics Project Manager,$34K-$92K ,63.0,Springfield, MA,0,0,0,1,0,0,0,0,0,0,0,0,0,0,0,0,0,M
Data Analyst,$47K-$85K ,66.0,New York, NY,0,0,0,1,0,0,0,0,0,0,0,0,0,0,0,0,0,na
Data Engineer,$65K-$124K ,94.5,Orange, CA,1,1,1,1,1,0,0,0,0,0,0,1,0,0,0,0,0,M
Data Scientist,$56K-$95K ,75.5,New York, NY,1,0,1,0,1,0,0,0,0,0,0,1,1,0,0,0,0,na
Machine Learning Engineer,$62K-$112K ,87.0,Fort Belvoir, VA,1,0,0,0,0,0,0,0,0,0,0,0,0,0,0,0,0,na
Senior Data Scientist Oncology,$107K-$173K ,140.0,Gaithersburg, MD,1,0,0,1,0,0,0,0,0,0,0,0,0,0,0,0,0,P
Data Scientist,$64K-$108K ,86.0,Silver Spring, MD,1,0,0,1,0,1,1,0,0,0,0,0,0,0,0,0,0,M
Senior Data Scientist,$89K-$144K ,116.5,Palo Alto, CA,1,0,0,0,1,0,0,0,0,0,0,0,0,0,0,0,0,M
Senior Scientist (Neuroscience),$109K-$200K ,154.5,Marlborough, MA,1,0,0,1,0,0,0,0,0,0,0,0,0,0,0,0,0,P
Machine Learning Engineer - Regulatory,$61K-$113K ,87.0,Lenexa, KS,1,0,0,1,1,0,0,0,0,0,0,1,0,0,0,0,0,na
Marketing Data Analyst,$35K-$62K ,48.5,Highland, CA,0,0,0,1,1,1,1,0,0,0,0,0,1,0,0,0,1,M
Data Engineer,$55K-$105K ,80.0,Houston, TX,1,1,0,1,1,0,0,0,0,0,0,1,0,0,0,0,0,na
Medical Laboratory Scientist,$18-$25 Per Hour,44.5,Burleson, TX,0,0,1,0,0,0,0,0,0,0,0,0,0,0,0,0,0,na
R&D Specialist/ Food Scientist,$39K-$66K ,52.5,Hoopeston, IL,0,0,0,0,0,0,0,0,0,0,0,0,0,0,0,0,0,na
Principal Data Scientist,$135K-$211K ,173.0,San Jose, CA,1,0,0,0,0,0,0,0,0,0,0,0,0,0,0,0,0,M
Data Engineer,$57K-$80K ,68.5,Phoenix, AZ,1,1,0,0,0,0,0,0,0,0,0,0,0,0,0,0,0,na
Data Scientist - Alpha Insights,$129K-$215K ,172.0,New York, NY,0,0,0,0,0,0,0,0,0,0,0,0,0,0,0,0,0,P
"Data Scientist, Office of Data Science",$86K-$143K ,114.5,Boston, MA,1,0,0,0,0,0,0,0,0,0,0,0,0,0,0,0,0,na
"Associate Principal Scientist, Pharmacogenomics",$63K-$127K ,95.0,Gaithersburg, MD,0,0,0,0,0,0,0,0,0,0,0,0,0,0,0,0,0,P
Data Scientist - Systems Engineering,$50K-$89K ,69.5,Bedford, MA,1,0,0,1,1,1,1,0,0,0,0,0,1,0,0,1,0,na
Data Engineer,$43K-$86K ,64.5,New York, NY,1,0,1,1,1,0,0,0,0,0,0,0,0,0,0,0,0,na
"Scientist, Bacteriology",$74K-$149K ,111.5,Concord, CA,0,0,0,1,0,0,0,0,0,0,0,0,0,0,0,0,0,P
Data Scientist,$71K-$124K ,97.5,New York, NY,1,0,0,1,1,0,0,0,0,0,0,0,0,0,0,0,0,na
"Associate Director, Platform and DevOps- Data Engineering and Aritifical Intelligence",$113K-$196K ,154.5,Cambridge, MA,0,1,1,1,1,0,0,0,0,0,0,1,0,0,0,1,0,M
Senior Research Scientist-Machine Learning,$81K-$167K ,124.0,Pittsburgh, PA,0,0,0,0,0,0,0,0,0,0,0,0,0,0,0,0,0,P
Data Scientist,$69K-$121K ,95.0,New York, NY,1,1,1,0,1,0,0,0,0,0,0,0,1,0,0,0,0,na
Senior Data Scientist,$97K-$160K ,128.5,Chicago, IL,1,0,1,1,1,0,0,0,0,0,0,1,1,0,0,0,0,na
Principal Data Scientist,$150K-$238K ,194.0,San Francisco, CA,0,0,1,1,0,0,0,0,0,0,0,0,0,0,0,0,0,na
Data Scientist,$77K-$132K ,104.5,New York, NY,1,1,1,1,1,0,0,0,0,0,0,0,0,0,0,0,0,M
Clinical Laboratory Scientist,$24-$39 Per Hour,65.0,Vail, CO,0,0,0,0,0,0,0,0,0,0,0,0,0,0,0,0,0,na
Data Engineer - Consultant (Charlotte Based),$59K-$112K ,85.5,Charlotte, NC,1,0,0,1,1,0,0,0,0,0,0,1,0,0,0,0,0,na
"Data Analyst 1, full-time contract worker for up to 12 months",$35K-$65K ,50.0,Salt Lake City, UT,0,0,1,1,1,0,0,0,0,0,0,0,0,0,0,0,0,na
Data Engineer,$79K-$147K ,113.0,Aliso Viejo, CA,1,1,1,1,1,0,0,0,0,0,0,0,0,0,0,1,0,na
"Scientist, Immuno-Oncology",$62K-$119K ,90.5,Cambridge, MA,0,0,1,0,0,0,0,0,0,0,0,0,0,0,0,0,0,M
Senior Data Scientist,$119K-$187K ,153.0,Los Angeles, CA,1,1,0,1,0,0,0,0,0,0,0,0,0,0,0,0,0,na
Products Data Analyst II,$90K-$157K ,123.5,Dublin, CA,0,0,0,1,1,1,1,0,0,0,0,0,1,0,0,1,0,M
Lead Data Analyst,$32K-$62K ,47.0,New York, NY,0,1,0,0,1,0,0,0,0,0,0,0,0,0,0,0,0,na
Analytics Manager - Data Mart,$42K-$86K ,64.0,Scotts Valley, CA,0,0,0,0,1,0,0,0,0,0,0,0,1,0,0,0,0,na
Data Science Engineer - Mobile,$116K-$208K ,162.0,San Jose, CA,1,0,0,1,1,0,0,0,0,0,0,1,1,1,0,0,0,M
Senior Data Scientist - R&D Oncology,$102K-$172K ,137.0,New York, NY,1,0,0,0,0,0,0,0,0,0,0,0,0,0,0,0,0,P
Sr. Data Engineer - Contract-to-Hire (Java),$69K-$127K ,98.0,Knoxville, TN,1,0,0,0,1,0,0,0,0,0,0,0,0,0,0,0,0,M
Data Scientist,$86K-$144K ,115.0,Armonk, NY,1,0,0,1,1,0,0,0,0,0,0,0,0,0,0,0,0,M
Senior Data Scientist,$102K-$165K ,133.5,Arvada, CO,1,0,0,1,0,0,0,0,0,0,0,0,0,0,0,0,0,M
Data Engineer,$74K-$124K ,99.0,Denver, CO,1,0,1,0,1,0,0,0,0,0,0,0,0,0,0,0,0,M
Food Scientist - Developer,$40K-$68K ,54.0,Milwaukee, WI,0,0,0,0,0,0,0,0,0,0,0,0,0,0,0,0,0,na
Senior Data Engineer,$76K-$142K ,109.0,Franklin, TN,0,0,1,1,0,0,0,0,0,0,0,1,0,0,0,0,0,na
Data Engineer,$76K-$142K ,109.0,Rockville, MD,0,0,1,0,0,0,0,0,0,0,0,0,0,0,0,0,0,M
Senior Data Scientist,$108K-$171K ,139.5,Natick, MA,1,0,0,0,1,0,0,0,0,0,0,0,1,1,0,0,0,M
"Director II, Data Science - GRM Actuarial",$202K-$306K ,254.0,Chicago, IL,1,0,0,0,0,1,1,0,0,0,0,0,0,0,0,0,0,M
Machine Learning Engineer,$91K-$159K ,125.0,New York, NY,1,0,1,1,1,0,0,0,1,0,1,0,0,0,0,0,0,M
"Sr Expert Data Science, Advanced Visual Analytics (Associate level)",$80K-$133K ,106.5,Cambridge, MA,1,0,0,0,1,1,1,0,0,0,0,0,1,1,0,0,0,M
"Scientist, Molecular/Cellular Biologist",$49K-$97K ,73.0,South San Francisco, CA,0,0,0,0,0,0,0,0,0,0,0,0,0,0,0,0,0,P
Staff Scientist-Downstream Process Development,$49K-$113K ,81.0,Rockville, MD,0,0,0,1,0,0,0,0,0,0,0,0,0,0,0,0,0,P
MED TECH/LAB SCIENTIST- SOUTH COASTAL LAB,$21-$34 Per Hour,56.5,Millville, DE,0,0,0,0,0,0,0,0,0,0,0,0,0,0,0,0,0,na
Scientist - Analytical Services,$65K-$134K ,99.5,Winston-Salem, NC,0,0,0,1,0,0,0,0,0,0,0,0,0,0,0,0,0,na
Associate Data Analyst- Graduate Development Program,$32K-$59K ,45.5,Richfield, OH,0,0,0,0,0,0,0,0,0,0,0,0,0,0,0,0,0,na
IT Associate Data Analyst,$39K-$69K ,54.0,Worcester, MA,0,0,0,0,1,0,0,0,0,0,0,0,0,0,0,0,0,na
Sr. Data Engineer,$87K-$158K ,122.5,Indianapolis, IN,1,1,1,0,1,0,0,0,0,0,0,1,0,0,0,1,0,na
Clinical Data Analyst,$27K-$48K ,37.5,Tampa, FL,0,0,0,1,1,0,0,0,0,0,0,0,0,0,0,0,0,M
Business Data Analyst,$36K-$71K ,53.5,New York, NY,1,0,0,1,1,0,0,0,0,0,0,0,0,1,0,0,1,M
Senior Insurance Data Scientist,$107K-$173K ,140.0,Chicago, IL,1,0,0,1,1,1,1,0,0,0,0,0,0,0,0,0,0,na
Senior Data Science Systems Engineer,$56K-$99K ,77.5,Hampton, VA,0,0,0,0,0,0,0,0,0,0,0,0,0,0,0,0,0,P
ENVIRONMENTAL ENGINEER/SCIENTIST,Employer Provided Salary:$25-$28 Per Hour,55.0,Cambridge, MA,0,0,0,1,0,0,0,0,0,0,0,0,0,0,0,0,0,na
Senior Scientist - Regulatory Submissions,$80K-$155K ,117.5,Winston-Salem, NC,0,0,0,1,0,0,0,0,0,0,0,0,0,0,0,0,0,M
Scientist - Biomarker and Flow Cytometry,$43K-$98K ,70.5,San Diego, CA,0,0,0,0,0,0,0,0,0,0,0,0,0,0,0,0,0,M
"Associate Scientist, LC/MS Biologics",$44K-$96K ,70.0,Ithaca, NY,0,0,0,1,0,0,0,0,0,0,0,0,0,0,0,0,0,na
Revenue Analytics Manager,$45K-$78K ,61.5,San Francisco, CA,0,0,0,1,1,0,0,0,0,0,0,0,1,0,0,0,0,na
Sr. Scientist Method Development,$50K-$110K ,80.0,Marietta, GA,0,0,0,1,0,0,0,0,0,0,0,0,0,0,0,0,0,na
Data Scientist,$60K-$99K ,79.5,Atlanta, GA,1,0,0,1,1,0,0,1,1,1,0,0,0,0,0,0,0,na
Data Scientist - Sales,$130K-$206K ,168.0,Mountain View, CA,1,0,0,1,1,0,0,0,0,0,0,0,1,0,0,0,0,na
IT - Data Engineer II,$61K-$119K ,90.0,Quincy, MA,0,1,0,1,1,0,0,0,0,0,0,1,0,0,0,0,0,na
"Research Scientist, Immunology - Cancer Biology",Employer Provided Salary:$100K-$140K,120.0,Cambridge, MA,0,0,0,1,0,0,0,0,0,0,0,0,0,0,0,0,0,P
Senior Data Analyst,$99K-$178K ,138.5,San Francisco, CA,1,0,0,0,1,0,0,0,0,0,0,0,1,0,0,0,0,na
"Principal, Data Science - Advanced Analytics",$86K-$137K ,111.5,Plymouth Meeting, PA,0,0,0,0,0,0,0,0,0,0,0,0,0,0,0,0,0,M
Data Science Project Manager,$37K-$100K ,68.5,Boston, MA,0,0,0,1,0,0,0,0,0,0,0,0,0,0,0,0,0,M
"Sr Scientist, Immuno-Oncology - Oncology",$58K-$111K ,84.5,Cambridge, MA,0,0,1,0,0,0,0,0,0,0,0,0,0,0,0,0,0,M
Senior Data Engineer,$72K-$133K ,102.5,Nashville, TN,1,1,1,0,1,0,0,0,0,0,0,1,0,0,0,0,0,na
"Project Scientist - Auton Lab, Robotics Institute",$56K-$91K ,73.5,Pittsburgh, PA,0,0,0,1,0,0,0,0,0,0,0,0,0,0,0,0,0,P
Research Scientist – Security and Privacy,$61K-$126K ,93.5,Beavercreek, OH,1,0,0,0,0,0,0,0,0,0,0,0,0,0,0,0,0,M
Data Science Manager,$95K-$160K ,127.5,Allentown, PA,0,0,0,1,0,0,0,0,0,0,0,0,0,0,0,0,0,na
Data Analyst 2 (Missionary Department),$53K-$91K ,72.0,Salt Lake City, UT,0,0,0,0,1,0,0,0,0,0,0,0,1,0,0,0,0,na
"Enterprise Architect, Data",$101K-$158K ,129.5,Boston, MA,1,1,1,1,1,0,0,0,0,0,0,1,1,1,0,0,0,na
Supply Chain Data Analyst,$33K-$61K ,47.0,Logan, UT,1,0,0,1,1,0,0,0,0,0,0,0,1,0,0,0,0,na
Data Engineer - ETL,$44K-$86K ,65.0,Birmingham, AL,1,1,1,1,1,0,0,0,0,0,0,0,0,0,0,0,0,na
Corporate Risk Data Analyst (SQL Based) - Milwaukee or,$43K-$77K ,60.0,Green Bay, WI,0,0,1,1,0,0,0,0,0,0,0,0,0,0,0,0,0,na
"Senior Manager, Epidemiologic Data Scientist",$125K-$210K ,167.5,New York, NY,0,0,1,1,0,0,0,0,0,0,0,0,0,0,0,0,0,M
"Marketing Data Analyst, May 2020 Undergrad",$44K-$86K ,65.0,New York, NY,0,0,0,1,1,1,1,0,0,0,0,0,0,0,0,0,0,na
Senior Data Analyst,$69K-$119K ,94.0,Herndon, VA,1,0,0,0,1,0,0,0,0,0,0,0,0,0,0,0,0,na
Senior Data Analyst,$65K-$110K ,87.5,New York, NY,1,0,0,1,1,0,0,0,0,0,0,0,0,0,0,0,1,na
Senior Data Engineer,$67K-$127K ,97.0,Reston, VA,1,1,1,0,1,0,0,0,0,0,0,1,0,0,1,0,0,na
Senior Data Engineer,$78K-$147K ,112.5,Durham, NC,1,1,1,0,0,0,0,0,0,0,0,1,0,0,1,0,0,na
Data Modeler (Analytical Systems),$66K-$117K ,91.5,Boston, MA,0,1,1,1,1,0,0,0,0,0,0,1,0,0,0,0,0,na
Data Modeler - Data Solutions Engineer,$37K-$66K ,51.5,Indianapolis, IN,1,0,0,1,1,0,0,0,0,0,0,0,0,1,0,0,0,M
Data Scientist in Translational Medicine,$86K-$143K ,114.5,Cambridge, MA,0,0,0,0,0,0,0,0,0,0,0,0,0,0,0,0,0,na
Data Scientist,$84K-$146K ,115.0,New York, NY,1,1,1,0,1,0,0,0,0,0,0,1,1,0,0,0,0,na
Product Manager/Data Evangelist,$50K-$98K ,74.0,Phila, PA,1,0,1,0,1,0,0,0,0,0,0,0,0,0,0,0,0,M
Associate Environmental Scientist - Wildlife Biologist,$38K-$64K ,51.0,Clovis, CA,0,0,0,1,0,0,0,0,0,0,0,0,0,0,0,0,0,na
Sr Data Engineer (Sr BI Developer),$90K-$110KEmployer est.,100.0,Chandler, AZ,0,0,0,0,1,0,0,0,0,0,0,1,0,0,0,0,0,na
"Senior Data Scientist – Visualization, Novartis AI Innovation Lab",$92K-$150K ,121.0,Cambridge, MA,0,0,0,0,0,0,0,0,0,0,0,0,0,0,0,0,0,na
Senior Data Analyst/Scientist,$90K-$153K ,121.5,San Francisco, CA,0,0,0,0,1,0,0,0,0,0,0,0,1,1,0,0,0,na
"Associate, Data Science, Internal Audit",$43K-$82K ,62.5,Boston, MA,1,0,0,1,1,1,1,0,0,0,0,0,0,0,0,0,0,M
"Scientist – Cancer Discovery, Molecular Assay",Employer Provided Salary:$100K-$135K,117.5,Cambridge, MA,0,0,0,1,0,0,0,0,0,0,0,0,0,0,0,0,0,P
Senior LiDAR Data Scientist,$93K-$151K ,122.0,Orlando, FL,1,0,1,0,0,0,0,0,0,0,0,0,0,0,0,0,0,M
Data Engineer,$61K-$109K ,85.0,Chantilly, VA,1,1,1,0,0,0,0,0,0,0,0,1,0,0,0,0,0,na
Data Engineer,$42K-$79K ,60.5,Scottsdale, AZ,1,1,1,0,1,0,0,0,0,0,0,0,0,0,0,1,0,na
Lead Data Scientist,$139K-$221K ,180.0,Burbank, CA,1,0,0,1,1,0,0,0,0,0,0,0,0,0,0,0,0,M
"Technology-Minded, Data Professional Opportunities",$40K-$101K ,70.5,Columbia, MO,0,1,0,1,1,0,0,0,0,0,0,1,1,0,0,1,0,na
Big Data Engineer,$84K-$153K ,118.5,Chantilly, VA,1,1,0,0,1,0,0,0,0,0,0,1,0,0,0,0,0,na
Salesforce Analytics Consultant,$52K-$81K ,66.5,Chicago, IL,1,0,0,0,1,1,1,0,0,0,0,0,1,1,0,0,0,M
Managing Data Scientist/ML Engineer,$81K-$134K ,107.5,Boston, MA,0,1,0,1,1,0,0,0,0,0,0,1,1,0,0,1,0,na
Senior Data Engineer,$97K-$180K ,138.5,Austin, TX,1,1,0,0,1,0,0,0,0,0,1,0,0,0,0,0,0,na
Staff Scientist- Upstream PD,$49K-$113K ,81.0,Rockville, MD,0,0,0,0,0,0,0,0,0,0,0,0,0,0,0,0,0,na
Data Engineering Analyst,$44K-$73K ,58.5,Bloomington, IL,1,1,0,1,1,0,0,0,0,0,0,1,0,0,0,0,0,M
Sr. Data Engineer,$75K-$140K ,107.5,Chicago, IL,0,0,0,0,1,0,0,0,0,0,0,0,0,0,0,0,0,na
"Scientist, Pharmacometrics",$84K-$157K ,120.5,Cambridge, MA,0,0,0,0,0,1,1,0,0,0,0,0,0,0,0,0,0,M
Manager of Data Science,$40K-$87K ,63.5,San Francisco, CA,1,1,0,0,1,0,0,0,0,1,1,0,0,0,0,0,0,na
Scientist Manufacturing Pharma - Kentucky BioProcessing,$68K-$139K ,103.5,Owensboro, KY,0,0,0,0,0,0,0,0,0,0,0,0,0,0,0,0,0,na
Software Engineer (Data Scientist/Software Engineer) - SISW - MG,$72K-$142K ,107.0,Fremont, CA,1,0,0,1,0,0,0,1,0,0,1,0,0,0,0,0,0,na
Data Engineer,$74K-$137K ,105.5,Springfield, VA,1,1,0,0,1,0,0,0,0,0,0,1,0,0,0,0,0,na
Data Engineer,$57K-$109K ,83.0,San Diego, CA,0,0,0,0,1,0,0,0,0,0,0,0,1,1,0,0,0,na
Lead Big Data Engineer,$121K-$203K ,162.0,San Francisco, CA,1,1,1,1,0,0,0,0,0,0,0,1,0,0,0,0,0,na
Product Engineer – Spatial Data Science and Statistical Analysis,$52K-$85K ,68.5,Redlands, CA,1,1,0,1,0,0,0,0,1,1,1,0,0,0,0,0,0,M
Sr Software Engineer (Data Scientist),$81K-$140K ,110.5,Westlake, OH,0,0,0,1,1,0,0,0,1,0,1,0,0,0,0,0,0,na
Sr. Data Engineer (ETL Developer),$83K-$148K ,115.5,Des Moines, IA,1,0,0,1,1,0,0,0,0,0,0,0,1,0,0,0,0,na
Associate Research Scientist I (Protein Expression and Production),$59K-$116K ,87.5,Alameda, CA,0,0,0,1,0,0,0,0,0,0,0,0,0,0,0,0,0,M
Senior Data Scientist Artificial Intelligence,$60K-$101K ,80.5,Richland, WA,0,0,0,0,0,0,0,0,1,0,1,0,0,0,0,0,0,M
Analytics - Business Assurance Data Analyst,$31K-$55K ,43.0,Cedar Rapids, IA,0,0,0,1,1,0,0,0,0,0,0,0,1,0,0,0,0,na
"Associate Director/Director, Safety Scientist",$102K-$178K ,140.0,Cambridge, MA,0,0,0,1,0,0,0,0,0,0,0,0,0,0,0,0,0,P
"Director, Precision Medicine Clinical Biomarker Scientist",$136K-$208K ,172.0,Cambridge, MA,0,0,1,0,0,0,0,0,0,0,0,0,0,0,0,0,0,P
"Senior Scientist, Cell Pharmacology/Assay Development",Employer Provided Salary:$110K-$130K,120.0,Cambridge, MA,0,0,0,0,0,0,0,0,0,0,0,0,0,0,0,0,0,P
Data Analyst Senior,$48K-$85K ,66.5,Philadelphia, PA,0,0,0,1,1,1,1,0,0,0,0,0,1,0,0,0,0,M
Senior Formulations Scientist II,$71K-$129K ,100.0,Alameda, CA,0,0,0,1,0,0,0,0,0,0,0,0,0,0,0,0,0,P
Lead Data Engineer (Python),$66K-$123K ,94.5,San Francisco, CA,1,0,1,0,0,0,0,0,0,0,0,0,0,0,0,0,0,na
Data Science Manager,$171K-$272K ,221.5,San Francisco, CA,1,0,0,1,1,0,0,0,0,0,0,0,0,0,0,0,0,na
Senior Data Scientist 4 Artificial Intelligence,$92K-$146K ,119.0,Seattle, WA,0,0,0,0,0,0,0,0,1,0,1,0,0,0,0,0,0,M
Data Engineer,$65K-$126K ,95.5,Chicago, IL,1,0,0,0,1,0,0,0,0,0,0,0,0,0,0,0,0,M
"Director II, Data Science - GRS Predictive Analytics",$150K-$239K ,194.5,Chicago, IL,1,0,0,0,0,1,1,0,0,0,0,0,0,0,0,0,0,P
Medical Lab Scientist - MLT,$21-$29 Per Hour,51.5,Omaha, NE,0,0,0,0,0,0,0,0,0,0,0,0,0,0,0,0,0,na
"Senior Operations Data Analyst, Call Center Operations",$10-$17 Per Hour,27.5,Nashville, TN,0,0,0,1,0,0,0,0,0,0,0,0,1,0,0,0,0,na
Senior Quantitative Analyst,$118K-$228K ,173.0,Jersey City, NJ,1,0,0,1,1,0,0,0,0,0,0,0,0,0,0,0,0,na
Geospatial Software Developer and Data Scientist,$82K-$129KEmployer est.,105.5,Austin, TX,1,0,1,0,0,0,0,1,1,1,1,0,0,0,0,0,0,na
RESEARCH COMPUTER SCIENTIST - RESEARCH ENGINEER - SR. COMPUTER SCIENTIST - SOFTWARE DEVELOPMENT,$52K-$91K ,71.5,San Antonio, TX,1,0,1,1,1,0,0,0,0,0,0,0,0,0,0,0,0,na
Senior Scientist - Toxicologist - Product Integrity (Stewardship),$47K-$101K ,74.0,Winston-Salem, NC,0,0,0,1,0,0,0,0,0,0,0,0,0,0,0,0,0,M
Systems Engineer II - Data Analyst,$49K-$76K ,62.5,Huntsville, AL,0,0,0,1,0,0,0,0,0,0,0,0,0,0,0,0,0,na
Senior Research Analytical Scientist-Non-Targeted Analysis,$43K-$88K ,65.5,Durham, NC,0,0,0,0,0,0,0,0,0,0,0,0,0,0,0,0,0,P
Data Scientist,$61K-$109K ,85.0,Coraopolis, PA,1,0,0,0,1,0,0,0,1,0,1,0,0,0,0,0,0,M
Principal Data Scientist,$113K-$182K ,147.5,Gaithersburg, MD,1,0,0,1,0,0,0,0,0,0,0,0,0,0,0,0,0,P
Director Data Science,$124K-$199K ,161.5,Fort Lee, NJ,1,0,1,1,1,0,0,0,0,0,0,0,1,1,0,0,0,na
Data Engineer,$58K-$104K ,81.0,Roanoke, VA,0,0,0,1,0,0,0,0,0,0,0,0,0,0,0,0,0,M
Sr Data Analyst - IT,$52K-$93K ,72.5,Blue Bell, PA,0,0,0,1,1,0,0,0,0,0,0,0,1,0,0,0,0,na
Senior Data Engineer,$97K-$181K ,139.0,San Francisco, CA,1,0,1,1,0,0,0,0,0,0,0,0,0,0,0,0,0,na
Senior Data Engineer,$100K-$173K ,136.5,San Francisco, CA,0,0,0,0,1,0,0,0,0,0,0,0,0,0,0,0,0,na
Sr. Data Analyst,$58K-$108K ,83.0,New York, NY,1,1,0,1,1,0,0,0,0,0,0,0,0,0,0,0,0,na
Research Scientist or Senior Research Scientist - Computer Vision,$81K-$161K ,121.0,Cambridge, MA,0,0,1,1,0,0,0,0,1,0,1,0,0,0,0,0,0,P
Associate Machine Learning Engineer / Data Scientist May 2020 Undergrad,$53K-$96K ,74.5,New York, NY,1,1,0,0,0,0,0,0,0,0,0,0,0,0,0,0,0,na
Data Analyst Chemist - Quality System Contractor,$61K-$110K ,85.5,San Francisco, CA,0,0,0,1,0,0,0,0,0,0,0,0,0,0,0,0,0,na
Senior Scientist - Biostatistician,$65K-$96K ,80.5,Winston-Salem, NC,0,0,0,1,0,0,0,0,0,0,0,0,0,0,0,0,0,M
Research Scientist / Principal Research Scientist - Multiphysical Systems,$115K-$220K ,167.5,Cambridge, MA,0,0,0,0,0,0,0,0,0,0,0,0,0,0,0,0,0,P
"Research Scientist, Machine Learning Department",$71K-$144K ,107.5,Pittsburgh, PA,1,0,0,0,1,0,0,0,0,1,0,0,0,0,0,0,0,P
Foundational Community Supports Data Analyst,$32K-$57K ,44.5,Seattle, WA,0,0,1,1,1,0,0,0,0,0,0,0,0,0,0,0,0,na
"Senior Health Data Analyst, Star Ratings",$79K-$136K ,107.5,Glen Burnie, MD,0,0,0,0,1,0,0,0,0,0,0,0,0,0,0,0,0,M
"Principal Research Scientist/Team Lead, Medicinal Chemistry - Oncology",Employer Provided Salary:$120K-$145K,132.5,Cambridge, MA,0,0,0,0,0,0,0,0,0,0,0,0,0,0,0,0,0,P
Sr. Data Analyst,$50K-$89K ,69.5,Philadelphia, PA,0,0,0,1,1,0,0,0,0,0,0,0,1,1,0,0,0,na
"Senior Engineer, Data Management Engineering",$68K-$129K ,98.5,Milpitas, CA,1,1,1,0,1,0,0,0,0,0,0,1,0,0,0,0,0,na
Quality Control Scientist III- Analytical Development,$48K-$113K ,80.5,Rockville, MD,0,0,0,1,0,0,0,0,0,0,0,0,0,0,0,0,0,na
"Clinical Scientist, Clinical Development",$27-$47 Per Hour,76.5,Watertown, MA,0,0,0,1,0,0,0,0,0,0,0,0,0,0,0,0,0,na
Software Engineer Staff Scientist: Human Language Technologies,$74K-$124K ,99.0,Cambridge, MD,1,0,0,0,1,0,0,0,0,0,0,0,0,0,0,0,0,na
"Manager, Safety Scientist, Medical Safety & Risk Management",$68K-$125K ,96.5,Cambridge, MA,0,0,0,1,0,0,0,0,0,0,0,0,0,0,0,0,0,na
"Assistant Director/Director, Office of Data Science",$39K-$67K ,53.0,Boston, MA,0,0,0,0,0,0,0,0,0,0,0,0,0,0,0,0,0,M
Sr. Data Engineer | Big Data SaaS Pipeline,$71K-$135K ,103.0,Los Angeles, CA,0,1,1,0,0,0,0,0,0,0,0,1,0,0,1,0,0,na
Senior Risk Data Scientist,$107K-$172K ,139.5,Palo Alto, CA,0,0,0,0,1,1,1,0,0,0,0,0,0,0,0,0,0,M
Data Scientist in Artificial Intelligence Early Career,$49K-$85K ,67.0,Richland, WA,0,0,0,0,0,0,0,0,1,0,1,0,0,0,0,0,0,M
Consultant - Analytics Consulting,$54K-$71K ,62.5,Hartford, CT,0,0,0,1,0,0,0,0,0,0,0,0,0,0,0,0,0,na
Scientist - CVRM Metabolism - in vivo pharmacology,$61K-$123K ,92.0,Gaithersburg, MD,0,0,0,0,0,0,0,0,0,0,0,0,0,0,0,0,0,na
Data Analyst,$47K-$85K ,66.0,New York, NY,0,0,0,1,0,0,0,0,0,0,0,0,0,0,0,0,0,na
Data Engineer,$65K-$124K ,94.5,Orange, CA,1,1,1,1,1,0,0,0,0,0,0,1,0,0,0,0,0,M
Data Scientist,$87K-$141K ,114.0,Fort Lee, NJ,1,0,1,1,1,0,0,0,0,0,0,1,1,1,0,0,0,na
Data Scientist,$56K-$95K ,75.5,New York, NY,1,0,1,0,1,0,0,0,0,0,0,1,1,0,0,0,0,na
Data Scientist,$71K-$121K ,96.0,Maryland Heights, MO,0,0,0,1,1,0,0,0,0,0,0,1,0,0,0,0,0,P
Machine Learning Engineer,$62K-$112K ,87.0,Fort Belvoir, VA,1,0,0,0,0,0,0,0,0,0,0,0,0,0,0,0,0,na
Data Scientist,$64K-$108K ,86.0,Silver Spring, MD,1,0,0,1,0,1,1,0,0,0,0,0,0,0,0,0,0,M
Senior Data Scientist,$89K-$144K ,116.5,Palo Alto, CA,1,0,0,0,1,0,0,0,0,0,0,0,0,0,0,0,0,M
Senior Scientist (Neuroscience),$109K-$200K ,154.5,Marlborough, MA,1,0,0,1,0,0,0,0,0,0,0,0,0,0,0,0,0,P
Marketing Data Analyst,$35K-$62K ,48.5,Highland, CA,0,0,0,1,1,1,1,0,0,0,0,0,1,0,0,0,1,M
Machine Learning Engineer - Regulatory,$61K-$113K ,87.0,Lenexa, KS,1,0,0,1,1,0,0,0,0,0,0,1,0,0,0,0,0,na
Data Engineer,$55K-$105K ,80.0,Houston, TX,1,1,0,1,1,0,0,0,0,0,0,1,0,0,0,0,0,na
Medical Laboratory Scientist,$18-$25 Per Hour,44.5,Burleson, TX,0,0,1,0,0,0,0,0,0,0,0,0,0,0,0,0,0,na
Principal Data Scientist,$135K-$211K ,173.0,San Jose, CA,1,0,0,0,0,0,0,0,0,0,0,0,0,0,0,0,0,M
R&D Specialist/ Food Scientist,$39K-$66K ,52.5,Hoopeston, IL,0,0,0,0,0,0,0,0,0,0,0,0,0,0,0,0,0,na
Data Engineer,$57K-$80K ,68.5,Phoenix, AZ,1,1,0,0,0,0,0,0,0,0,0,0,0,0,0,0,0,na
"Associate Principal Scientist, Pharmacogenomics",$63K-$127K ,95.0,Gaithersburg, MD,0,0,0,0,0,0,0,0,0,0,0,0,0,0,0,0,0,P
Data Scientist - Systems Engineering,$50K-$89K ,69.5,Bedford, MA,1,0,0,1,1,1,1,0,0,0,0,0,1,0,0,1,0,na
Senior Data Scientist,$82K-$132K ,107.0,Cincinnati, OH,1,0,1,0,1,0,0,0,0,0,0,0,1,1,0,0,0,M
Data Scientist SR,$85K-$139K ,112.0,Charlottesville, VA,1,1,0,0,1,0,0,0,0,0,0,1,0,0,0,0,0,M
Data Scientist,$72K-$121K ,96.5,Washington, DC,1,0,0,0,0,0,0,0,0,0,1,0,0,0,0,0,0,M
"Scientist, Bacteriology",$74K-$149K ,111.5,Concord, CA,0,0,0,1,0,0,0,0,0,0,0,0,0,0,0,0,0,P
"Associate Director, Platform and DevOps- Data Engineering and Aritifical Intelligence",$113K-$196K ,154.5,Cambridge, MA,0,1,1,1,1,0,0,0,0,0,0,1,0,0,0,1,0,M
Data Scientist,$69K-$121K ,95.0,New York, NY,1,1,1,0,1,0,0,0,0,0,0,0,1,0,0,0,0,na
Data Scientist,$71K-$124K ,97.5,New York, NY,1,0,0,1,1,0,0,0,0,0,0,0,0,0,0,0,0,na
Senior Data Scientist,$97K-$160K ,128.5,Chicago, IL,1,0,1,1,1,0,0,0,0,0,0,1,1,0,0,0,0,na
Senior Research Scientist-Machine Learning,$81K-$167K ,124.0,Pittsburgh, PA,0,0,0,0,0,0,0,0,0,0,0,0,0,0,0,0,0,P
Principal Data Scientist,$150K-$238K ,194.0,San Francisco, CA,0,0,1,1,0,0,0,0,0,0,0,0,0,0,0,0,0,na
Clinical Laboratory Scientist,$24-$39 Per Hour,65.0,Vail, CO,0,0,0,0,0,0,0,0,0,0,0,0,0,0,0,0,0,na
"Data Analyst 1, full-time contract worker for up to 12 months",$35K-$65K ,50.0,Salt Lake City, UT,0,0,1,1,1,0,0,0,0,0,0,0,0,0,0,0,0,na
Data Scientist,$77K-$132K ,104.5,New York, NY,1,1,1,1,1,0,0,0,0,0,0,0,0,0,0,0,0,M
Data Scientist,$51K-$88K ,69.5,Phoenix, AZ,1,0,0,1,1,1,1,0,0,1,0,0,0,0,0,0,0,na
Data Scientist,$101K-$141K ,121.0,Irvine, CA,1,0,0,0,1,1,1,0,0,0,0,0,1,1,0,0,0,M
Data Engineer - Consultant (Charlotte Based),$59K-$112K ,85.5,Charlotte, NC,1,0,0,1,1,0,0,0,0,0,0,1,0,0,0,0,0,na
Data Engineer,$79K-$147K ,113.0,Aliso Viejo, CA,1,1,1,1,1,0,0,0,0,0,0,0,0,0,0,1,0,na
Data Scientist (Warehouse Automation),$79K-$127K ,103.0,San Francisco, CA,1,0,1,0,1,0,0,0,0,0,0,0,1,1,0,0,0,M
"Scientist, Immuno-Oncology",$62K-$119K ,90.5,Cambridge, MA,0,0,1,0,0,0,0,0,0,0,0,0,0,0,0,0,0,M
Senior Data Scientist,$119K-$187K ,153.0,Los Angeles, CA,1,1,0,1,0,0,0,0,0,0,0,0,0,0,0,0,0,na
Jr. Data Scientist,$81K-$132K ,106.5,McLean, VA,1,1,0,1,1,1,1,0,0,0,0,1,1,0,0,0,0,na
Senior Data Scientist,Employer Provided Salary:$120K-$140K,130.0,Ann Arbor, MI,0,0,0,1,0,0,0,0,0,0,0,0,0,0,0,0,0,M
Products Data Analyst II,$90K-$157K ,123.5,Dublin, CA,0,0,0,1,1,1,1,0,0,0,0,0,1,0,0,1,0,M
Data Architect / Data Modeler,$63K-$110K ,86.5,New York, NY,0,0,1,1,1,0,0,0,0,0,0,0,0,0,0,0,0,M
Analytics Manager - Data Mart,$42K-$86K ,64.0,Scotts Valley, CA,0,0,0,0,1,0,0,0,0,0,0,0,1,0,0,0,0,na
Lead Data Analyst,$32K-$62K ,47.0,New York, NY,0,1,0,0,1,0,0,0,0,0,0,0,0,0,0,0,0,na
Data Science Engineer - Mobile,$116K-$208K ,162.0,San Jose, CA,1,0,0,1,1,0,0,0,0,0,0,1,1,1,0,0,0,M
Senior Data Scientist Oncology,$107K-$173K ,140.0,Gaithersburg, MD,1,0,0,1,0,0,0,0,0,0,0,0,0,0,0,0,0,P
Data Scientist,$65K-$113K ,89.0,Olympia, WA,0,0,0,0,0,0,0,0,0,0,0,0,0,0,0,0,0,na
Sr. Data Engineer - Contract-to-Hire (Java),$69K-$127K ,98.0,Knoxville, TN,1,0,0,0,1,0,0,0,0,0,0,0,0,0,0,0,0,M
Senior Data Scientist - R&D Oncology,$102K-$172K ,137.0,New York, NY,1,0,0,0,0,0,0,0,0,0,0,0,0,0,0,0,0,P
Data Engineer,$74K-$124K ,99.0,Denver, CO,1,0,1,0,1,0,0,0,0,0,0,0,0,0,0,0,0,M
Food Scientist - Developer,$40K-$68K ,54.0,Milwaukee, WI,0,0,0,0,0,0,0,0,0,0,0,0,0,0,0,0,0,na
Senior Data Engineer,$76K-$142K ,109.0,Franklin, TN,0,0,1,1,0,0,0,0,0,0,0,1,0,0,0,0,0,na
Data Engineer,$76K-$142K ,109.0,Rockville, MD,0,0,1,0,0,0,0,0,0,0,0,0,0,0,0,0,0,M
Senior Data Scientist,$108K-$171K ,139.5,Natick, MA,1,0,0,0,1,0,0,0,0,0,0,0,1,1,0,0,0,M
"Director II, Data Science - GRM Actuarial",$202K-$306K ,254.0,Chicago, IL,1,0,0,0,0,1,1,0,0,0,0,0,0,0,0,0,0,M
Machine Learning Engineer,$91K-$159K ,125.0,New York, NY,1,0,1,1,1,0,0,0,1,0,1,0,0,0,0,0,0,M
"Sr Expert Data Science, Advanced Visual Analytics (Associate level)",$80K-$133K ,106.5,Cambridge, MA,1,0,0,0,1,1,1,0,0,0,0,0,1,1,0,0,0,M
MED TECH/LAB SCIENTIST- SOUTH COASTAL LAB,$21-$34 Per Hour,56.5,Millville, DE,0,0,0,0,0,0,0,0,0,0,0,0,0,0,0,0,0,na
"Scientist, Molecular/Cellular Biologist",$49K-$97K ,73.0,South San Francisco, CA,0,0,0,0,0,0,0,0,0,0,0,0,0,0,0,0,0,P
Staff Scientist-Downstream Process Development,$49K-$113K ,81.0,Rockville, MD,0,0,0,1,0,0,0,0,0,0,0,0,0,0,0,0,0,P
Data Scientist,$96K-$161K ,128.5,Philadelphia, PA,1,1,1,0,1,0,0,0,0,0,0,1,0,0,0,0,0,na
Scientist - Analytical Services,$65K-$134K ,99.5,Winston-Salem, NC,0,0,0,1,0,0,0,0,0,0,0,0,0,0,0,0,0,na
"Associate Scientist / Sr. Associate Scientist, Antibody Discovery",$59K-$125K ,92.0,South San Francisco, CA,0,0,1,1,0,0,0,0,0,0,0,0,0,0,0,0,0,M
Associate Data Analyst- Graduate Development Program,$32K-$59K ,45.5,Richfield, OH,0,0,0,0,0,0,0,0,0,0,0,0,0,0,0,0,0,na
Sr. Data Engineer,$87K-$158K ,122.5,Indianapolis, IN,1,1,1,0,1,0,0,0,0,0,0,1,0,0,0,1,0,na
Clinical Data Analyst,$27K-$48K ,37.5,Tampa, FL,0,0,0,1,1,0,0,0,0,0,0,0,0,0,0,0,0,M
IT Associate Data Analyst,$39K-$69K ,54.0,Worcester, MA,0,0,0,0,1,0,0,0,0,0,0,0,0,0,0,0,0,na
Business Data Analyst,$36K-$71K ,53.5,New York, NY,1,0,0,1,1,0,0,0,0,0,0,0,0,1,0,0,1,M
Senior Insurance Data Scientist,$107K-$173K ,140.0,Chicago, IL,1,0,0,1,1,1,1,0,0,0,0,0,0,0,0,0,0,na
Senior Data Science Systems Engineer,$56K-$99K ,77.5,Hampton, VA,0,0,0,0,0,0,0,0,0,0,0,0,0,0,0,0,0,P
ENVIRONMENTAL ENGINEER/SCIENTIST,Employer Provided Salary:$25-$28 Per Hour,55.0,Cambridge, MA,0,0,0,1,0,0,0,0,0,0,0,0,0,0,0,0,0,na
Senior Scientist - Regulatory Submissions,$80K-$155K ,117.5,Winston-Salem, NC,0,0,0,1,0,0,0,0,0,0,0,0,0,0,0,0,0,M
Scientist - Biomarker and Flow Cytometry,$43K-$98K ,70.5,San Diego, CA,0,0,0,0,0,0,0,0,0,0,0,0,0,0,0,0,0,M
Revenue Analytics Manager,$45K-$78K ,61.5,San Francisco, CA,0,0,0,1,1,0,0,0,0,0,0,0,1,0,0,0,0,na
Sr. Scientist Method Development,$50K-$110K ,80.0,Marietta, GA,0,0,0,1,0,0,0,0,0,0,0,0,0,0,0,0,0,na
"Associate Scientist, LC/MS Biologics",$44K-$96K ,70.0,Ithaca, NY,0,0,0,1,0,0,0,0,0,0,0,0,0,0,0,0,0,na
"Research Scientist, Immunology - Cancer Biology",Employer Provided Salary:$100K-$140K,120.0,Cambridge, MA,0,0,0,1,0,0,0,0,0,0,0,0,0,0,0,0,0,P
IT - Data Engineer II,$61K-$119K ,90.0,Quincy, MA,0,1,0,1,1,0,0,0,0,0,0,1,0,0,0,0,0,na
Machine Learning Engineer (NLP),$80K-$142K ,111.0,Palo Alto, CA,1,0,1,1,0,0,0,0,1,0,1,0,0,0,0,0,0,na
Senior Data Analyst,$99K-$178K ,138.5,San Francisco, CA,1,0,0,0,1,0,0,0,0,0,0,0,1,0,0,0,0,na
Data Science Project Manager,$37K-$100K ,68.5,Boston, MA,0,0,0,1,0,0,0,0,0,0,0,0,0,0,0,0,0,M
Data Engineer,$62K-$113K ,87.5,San Francisco, CA,1,0,1,1,1,0,0,0,0,0,0,0,0,0,0,0,0,P
"Principal, Data Science - Advanced Analytics",$86K-$137K ,111.5,Plymouth Meeting, PA,0,0,0,0,0,0,0,0,0,0,0,0,0,0,0,0,0,M
"Sr Scientist, Immuno-Oncology - Oncology",$58K-$111K ,84.5,Cambridge, MA,0,0,1,0,0,0,0,0,0,0,0,0,0,0,0,0,0,M
Senior Data Engineer,$72K-$133K ,102.5,Nashville, TN,1,1,1,0,1,0,0,0,0,0,0,1,0,0,0,0,0,na
"Project Scientist - Auton Lab, Robotics Institute",$56K-$91K ,73.5,Pittsburgh, PA,0,0,0,1,0,0,0,0,0,0,0,0,0,0,0,0,0,P
Data Science Manager,$95K-$160K ,127.5,Allentown, PA,0,0,0,1,0,0,0,0,0,0,0,0,0,0,0,0,0,na
Research Scientist – Security and Privacy,$61K-$126K ,93.5,Beavercreek, OH,1,0,0,0,0,0,0,0,0,0,0,0,0,0,0,0,0,M
